week_end,MKT,MOM,REV,USD
2015-09-06,0.00011506867797493214,-0.005116779382233233,0.0037060427323429013,-0.007987210688371937
2015-09-13,0.0072381813558835524,-0.014306561422978648,0.011422026447432301,0.006843580489692469
2015-09-20,-0.05750485083474548,0.019847653431499426,0.0024195221608169087,0.0015993951511121818
2015-09-27,0.07679843148386103,-0.023464330501148684,0.03587796558277942,-0.0003990280049666062
2015-10-04,0.03561119189470147,-0.03782431244280421,-0.008421458780645583,-0.013578294642346722
2015-10-11,-0.002881026727317604,0.0116694127155621,0.021738012735294743,0.000809641677865125
2015-10-18,0.008955978771621291,0.00046479768370140395,0.011096824061545121,0.0202266067861967
2015-10-25,-0.007885234269964552,0.0011081166337364307,0.022993254286425596,0.000396519284914687
2015-11-01,-0.031200238137567365,0.014442044411353175,-0.0051103530954991205,0.021799464114794498
2015-11-08,-0.003806922422102312,-0.018285667608216497,0.0031555582138389493,0.004654694601092801
2015-11-15,0.010543643002348028,-0.004191333711241224,-0.00789677719104652,0.0030887819185445586
2015-11-22,-0.012110965591587636,0.029536445765887917,0.009988909599926182,0.003849198255065245
2015-11-29,-0.009888691187926573,0.004191920447362635,0.0008390726082192351,-0.016104380075871116
2015-12-06,-0.04050868787302631,0.013721553790282809,-0.0024672995688459765,-0.010132543975194586
2015-12-13,0.019344039284907247,-0.012884560537479717,0.010168705949764698,0.0055119309214470835
2015-12-20,0.01618726864495035,-0.0023139553278880287,0.010446821999471778,-0.0035238709425958747
2015-12-27,-0.03400868292003233,0.013632559170772163,0.007647740987452148,0.009430369577654085
2016-01-03,-0.05050863306758469,0.003310555584786795,0.001417401455718434,-0.00038944263844098437
2016-01-10,-0.020744383151179647,-0.014002477736935429,-0.01750986207577057,0.0023363214681608735
2016-01-17,0.00014509643775161062,-0.013365838200095695,-0.01658526288156574,0.0015542128641850006
2016-01-24,0.04828361324787336,-0.05033695721411344,-0.026799567484679238,-0.0034909766693153044
2016-01-31,-0.026750957219437547,-0.042820169389195445,-0.019310869848885373,-0.022577008238018226
2016-02-07,0.011269289054812273,0.004579575734383917,0.0010459449374671387,0.0011946780588587558
2016-02-14,0.02938972623784815,-0.01620077825703417,0.01914892503549688,0.0047732824778965455
2016-02-21,-0.016890893272195062,-0.0008144880437182811,0.007411997144739765,0.009105321575900938
2016-02-28,0.06742998334770746,-0.04156634072892895,0.04708573182373174,-0.011377078060237689
2016-03-06,0.014581299395445311,-0.013493997891778561,0.018436679202481737,-0.005952419781541929
2016-03-13,0.021649547319126734,-0.01649926728033968,0.013627277172527666,-0.013173575085850708
2016-03-20,-0.018657063702013837,0.008123486548508696,-0.006417823410635584,0.00647254003255715
2016-03-27,0.0072004700863742685,0.00625755434958121,0.017382903486721182,-0.014871429405194259
2016-04-03,-0.0003552218073934199,-0.00745844916813776,0.009740702571918947,-0.006119897566377097
2016-04-10,0.031953370675586984,0.0018126798672504219,0.010829879775775222,0.005336545495460809
2016-04-17,-0.003174399271969546,-0.0058450389952771215,-0.015440077112954947,0.003266710403046158
2016-04-24,0.0015427397413283828,-0.010245605011175843,-0.0061213812159216785,-0.022792144573391626
2016-05-01,-0.04616909168799127,0.006574835117387212,0.016488309788657507,0.015826798226841632
2016-05-08,0.007448430484232809,0.011757960344945403,-0.017771874603153798,0.003690023428779554
2016-05-15,-0.013733899212025426,-0.001089393989603532,0.018445151897166445,0.008169925649181176
2016-05-22,0.021739865078051673,-0.009055472749525187,0.0021491376860596906,0.006483123111344025
2016-05-29,0.027739421884935913,-0.0033669316946881855,0.010843984606351928,-0.02012889159934317
2016-06-05,-0.03859752131772251,0.0032545270046217406,-0.017989078388165422,0.004108552458476078
2016-06-12,0.025441340816886454,-0.005784742469090845,0.016601163881670808,-0.0077742150979837055
2016-06-19,-0.05469094209654398,0.024204405445768726,0.042407533317035104,0.03051546566465224
2016-06-26,0.04744520164341114,-0.00908775441848328,0.0017291439682372844,-0.0024010123720659138
2016-07-03,0.023259680392020404,-0.00955654297505834,0.0031006398991284545,0.0028080145411211177
2016-07-10,0.02584161583529614,-0.005000194683594833,0.00725590610528859,-0.0008001085685499509
2016-07-17,-0.009122714917410133,-0.003892393191644486,-0.010605813502218439,0.007605975430223344
2016-07-24,0.012425070872635087,0.0033508464551486594,0.003106986958970645,-0.01708365761931452
2016-07-31,0.011641314308814139,0.012055584173538053,0.00669685957040593,0.0064672145867905595
2016-08-07,0.020791169834496852,-0.019514783333188096,-0.0012750365444746115,-0.007630595516361471
2016-08-14,-0.014253601680607818,-0.012643766066953624,0.0013013290918884451,-0.01052191472680919
2016-08-21,-0.00429190584217654,0.004704460177796077,0.011417440121155684,0.010224889295032069
2016-08-28,0.021268276840562227,-0.008798853374972868,-0.001066783591696957,-0.008097248697261694
2016-09-04,-0.02539875056864199,-0.026655498892796434,-0.013396833092241017,0.004081814468620992
2016-09-11,-0.011238063213971925,0.03712107036584883,0.029489799966444324,0.006910532283057602
2016-09-18,0.008291258267455226,0.0067386109816966605,0.008318352967189052,-0.005652212465893203
2016-09-25,0.013221706845926828,0.004842402501201604,0.0014220819289127717,0.004060177767189588
2016-10-02,-0.0012722315408763363,-0.00011769524273363974,-0.007993434076525419,0.013344129001463756
2016-10-09,-0.020734769866325137,0.011065685633388514,-0.0002874279140042818,0.009576949505113008
2016-10-16,0.022202507971928763,-0.0029934481622809483,-0.005132608494386681,0.00909101656243716
2016-10-23,-0.010747405510612458,-0.0034496324892181185,-0.003914637792306594,-0.004308749731038453
2016-10-30,-0.0035998388560430873,0.00722821729074237,0.003196912223410661,-0.0059009039029011
2016-11-06,-0.05330339744795031,-0.024185351686434653,0.0272667319099876,0.02255652072877723
2016-11-13,0.008140303898108638,0.024407655791136157,0.012039767173561727,0.009674955324304735
2016-11-20,0.0006984270104958146,0.012070214750223199,-0.0034416134588790837,0.0030662876986284893
2016-11-27,0.008204049133385677,-0.022024207433130022,0.017669741945315995,-0.01108154342285761
2016-12-04,0.021452973721924343,-0.014353043835321627,-0.0076591034306944805,0.008114550850611968
2016-12-11,-0.021498992951817862,-0.01888374893898137,-0.0050140512571303225,0.02146410140110766
2016-12-18,0.0011055500466251589,-0.0013232779797003186,-0.005058483751548312,-0.0011256422924859066
2016-12-25,0.017521361156597526,0.02079737448681883,-0.0024591066464090816,0.003005238389791165
2017-01-01,0.01326768256509483,0.006667968007065206,-0.01201073281073313,-0.01348309572137718
2017-01-08,0.01514857454393256,0.005059378692473054,0.01907030076315043,-0.015945414409408
2017-01-15,0.0075139175142505945,-0.004478475158728568,-0.0009027588496599848,-0.001157432487068677
2017-01-22,0.004268659893458819,-0.0069625670712072235,-0.006981113874075018,0.0019312894823033666
2017-01-29,0.007558643066043049,0.00018946399570796135,-0.0077250252753856,-0.005397187019923644
2017-02-05,0.013269131799469034,0.010415795697524502,-0.0033885536971548363,0.01124046628037112
2017-02-12,0.005617200877568207,0.012000685001288466,-0.011542139769679563,0.004216178402129733
2017-02-19,-0.007614787941710852,-0.004842473780984707,0.008077387783803139,-0.0026718134659399206
2017-02-26,0.005998516247047894,-0.02374237062217499,-0.005394168345706801,0.004975144809489018
2017-03-05,0.005661955168881186,0.002275945206603208,-0.0014165325700359332,-0.002665708889460938
2017-03-12,0.026200531471236327,0.004085686816945933,0.00736615924230985,-0.011072907428673617
2017-03-19,0.0011278783508721802,-0.0090537563113159,-6.412384252142689e-05,-0.011583086461739889
2017-03-26,-0.0008132529800344601,0.002507597231807282,0.0005895379499701037,0.01367208333229275
2017-04-02,-0.002641164979896513,-0.009345670514217752,-0.017340420161746764,0.00578020747229302
2017-04-09,0.00619523297664462,0.004610431261027975,0.0128018399573058,-0.0072795889831931415
2017-04-16,0.01720207336360994,-0.024253709917512245,0.022660386424176587,-0.013122365527630242
2017-04-23,0.005163748929102918,-0.004230417713165069,-0.008982563064071275,0.0007820049220415015
2017-04-30,0.005744072144425223,-0.008901957457995172,-0.004822928305364002,0.0
2017-05-07,0.01817079871673177,0.010453025715118525,0.0345304224926105,-0.0019537523322260553
2017-05-14,-0.0032941744216008705,-0.02373877726148943,0.03058712780240616,-0.019185738098051908
2017-05-21,0.0020234142966644698,0.00815746232975717,0.017693071674724364,0.0035928926349437784
2017-05-28,0.010138749563393676,-0.011370574818457171,0.00740604992021561,-0.00517115440345961
2017-06-04,-0.00732699233003185,-0.0028114156736508827,0.0002056343948112216,0.0039985791674581606
2017-06-11,0.006528140277741814,0.005436188254605248,0.004118372766920092,0.004778985013741632
2017-06-18,0.001128055946885338,0.005194615356362148,-0.006425424897940804,-0.0015854484787612977
2017-06-25,-0.0030974038739107843,0.005095939079510378,0.00983697693341655,-0.011512482437883276
2017-07-02,-0.0005693796629819925,0.003957214156860886,-0.004829675261797811,-0.0020080755813974838
2017-07-09,0.028192025186770994,-0.005685969188288481,0.0007331648558393244,-0.009255550132744483
2017-07-16,0.005395709849110419,-0.0041339033750776855,-0.009210918424295902,-0.011779111565392686
2017-07-23,0.004055725856899808,0.004290938365067748,0.002074919643063833,-0.010686440369403694
2017-07-30,0.008933562805956754,0.008770590504762393,-0.007178088482070841,0.0062318649495420875
2017-08-06,-0.013691755289966322,-0.008399028445066625,0.009083041951217966,-0.0004128909065868047
2017-08-13,0.0017912373781196055,-0.009935705490681221,-0.0014684406610598333,-0.002891241578803827
2017-08-20,0.015140423021629816,0.010331249677845239,0.0005163160617668305,-0.00911360736420408
2017-08-27,-0.003304490843398513,-0.005030081604365924,-0.004694345006497722,0.0012543033457379504
2017-09-03,0.019151775731560138,0.0003787212190859285,0.005123399161231917,-0.0037578147990924293
2017-09-10,-0.00012534456413412442,0.0048003495285030146,-0.017105850637904027,0.0016764821891948056
2017-09-17,-0.012869042042517003,-0.0055742274957576304,-0.0067523764773249895,0.007112742160039653
2017-09-24,0.0026174005257147436,0.007016786593104507,0.002233149357113773,0.010386504819097642
2017-10-01,0.0025377261366944337,-0.004163096044425815,0.0011357785698070944,0.0004110992478452147
2017-10-08,0.01825760428009089,0.005131273131400979,-0.013140934561295878,-0.003699029720237057
2017-10-15,-0.011621292460574906,0.00487975999517562,0.005410654190006928,0.005775514298443252
2017-10-22,-0.00032616259541276007,0.014291145642614217,-0.008717303943283142,0.007383167662589063
2017-10-29,0.013497213176239158,-0.0065877578982144885,0.004583354852715493,0.0028500386769714225
2017-11-05,-0.01651560886834036,-0.0008677641544592163,0.012473998578343318,-0.0028419390407876666
2017-11-12,0.004355869716941876,-0.002290569912061252,0.0010528619958649343,-0.004071656468545681
2017-11-19,0.006399719086239988,0.0003969583055724729,0.007227336353830896,-0.012265001239586737
2017-11-26,-0.00886935396527378,-0.0026563383346762393,-0.011295601155080215,0.003725246530616122
2017-12-03,0.005247159302137323,0.007091359100514463,0.0021725529116337072,0.007835127061076586
2017-12-10,0.018226622502396643,-0.017838874287284395,0.031947082000034155,-0.0019246131225880703
2017-12-17,0.0050518801572856775,0.0071920784610493005,0.0048883855568094825,-0.004924050581965211
2017-12-24,0.023054310466952235,-0.0008061540651991689,0.0019321732869813923,-0.013195872293446542
2017-12-31,0.018376776842209636,0.0043256390040625065,0.012778937439740692,0.005850258173918821
2018-01-07,0.008314762146431641,0.0028256550004254477,-0.017453014390570162,-0.020357237453405008
2018-01-14,0.019249736401018215,0.007171919521631057,0.00736135170156324,-0.00042418182725734166
2018-01-21,0.005735826098143635,0.004082306529282431,0.000398864268492255,-0.010606626451165058
2018-01-28,-0.06507958128701298,-0.013296961127923168,-0.013781926796700095,0.0021441644170432372
2018-02-04,0.0005042734009699235,-0.0022695365854829425,0.012408022310010855,0.0072743269132038435
2018-02-11,0.02052654308058539,-0.0017655440234185804,0.0026368344486580597,-0.004248153563372492
2018-02-18,0.01791186857050229,0.012905542364224323,-0.00022543719709745835,0.001279951328179374
2018-02-25,-0.03093375153183567,-0.007894278208033637,0.007738808143330944,0.0017042906118720502
2018-03-04,0.018873492021866865,0.008586354061841231,0.0166944068507488,0.0004252507140631856
2018-03-11,-0.023379145936805946,-0.001068912354839885,-0.015628554591345656,0.0
2018-03-18,-0.004559163041487304,0.00048660790239339613,0.011879706280513477,-0.00892860260119921
2018-03-25,-0.012707773407956235,-0.009212545557581525,0.003259648032119991,0.012441116845100852
2018-04-01,0.007004532587733552,-0.018393959696417023,-0.005225324746225196,-0.0012713702856774756
2018-04-08,0.012377287797682603,-0.006825203781225808,-0.012038680195077978,-0.004666818862723798
2018-04-15,-0.007169793774895807,0.014864926072819487,-0.0002827910917427151,0.01747662115675941
2018-04-22,-0.005641234146599374,0.004226544101372937,-0.0008146973367440802,0.010892156725963886
2018-04-29,-0.014521152437461318,-0.005442647223960109,0.0014499407109554302,0.010360660684250567
2018-05-06,0.014380503026098586,0.0009895601803012882,-0.005013634417198862,-0.0012305077219691984
2018-05-13,-0.01900287144355362,0.015925833567482825,-0.008128200695444732,0.011088307305988865
2018-05-20,-0.03049530939469945,-0.026817029114103885,0.023389590908849928,0.014216071764753035
2018-05-27,0.01829573939003404,0.00880155743999296,0.013914373617589085,-0.007608983304815409
2018-06-03,-0.0009925026436100426,-0.012526630847268294,0.018566893166533704,-0.004842670509702329
2018-06-10,-0.03126789840658121,-0.003334670806734427,-0.02162647896072875,0.012570870939619505
2018-06-17,-0.018359889719850822,-0.022691134046876685,-0.007537513984697805,-0.0044051623976002485
2018-06-24,-0.005259366762474089,-0.018870724450927287,-0.005105082814873915,0.008044900009230416
2018-07-01,0.02795287239863478,-0.0067225613497976094,0.0015441855305102087,-0.009177996219866702
2018-07-08,-0.010698497024906781,0.007876824647551892,-0.003238473136580003,0.0052356554816879175
2018-07-15,0.008233307833351269,-0.017196541479171004,-0.004847108621961735,0.0012019141799279875
2018-07-22,0.019530618688513836,-0.013421778354338304,-0.0011279437030587147,-0.002400942632860281
2018-07-29,-0.014480172270115586,0.00286352267591429,-0.021873127966549777,0.011231364815960099
2018-08-05,-0.0387372976835858,0.05858034116885462,-0.01615490185859915,0.01110680324950497
2018-08-12,0.006365894231201947,-0.00638828210842729,0.0016296322926457468,-0.004315564731278587
2018-08-19,0.027084019566552743,-0.014622346533291156,0.010032847492543573,-0.011032138717476436
2018-08-26,-0.0350782055680585,0.02955170660959751,0.017058182146768686,0.007967977235752821
2018-09-02,-0.013928652885284505,-0.01284789828232169,0.016921394889196056,-0.0027666880552230655
2018-09-09,0.01603591530861429,0.001730192878465625,-0.01769548062226664,-0.0067380507614470675
2018-09-16,0.021208310397781795,-0.013660419305384572,-0.012749076863569395,-0.0027932754950786842
2018-09-23,-0.0019612823708610393,0.009601703974354989,-0.0027277035745393308,0.012404870269778323
2018-09-30,-0.03311220491300633,-0.028522283883098964,-0.013554649718197767,0.0051384827131808475
2018-10-07,-0.02281716497397972,-0.020113035151001532,0.01248537031387889,-0.006291913913816005
2018-10-14,-0.003076596425919491,-0.021579892808066506,0.002901464570467749,0.011476064925694862
2018-10-21,-0.037175466925790095,-0.0035010507270773483,0.011260707948684529,0.006259735099976016
2018-10-28,0.0543978406028606,-0.02729480952469701,0.01192687924714736,-0.0007774219496210488
2018-11-04,-0.033233336301866305,0.014283781232879725,0.03279840967318008,0.012451269037515367
2018-11-11,0.018258171654476015,-0.03728300030897999,0.01971724080281302,-0.012682370828662304
2018-11-18,-0.00022979484656016958,-0.029546617070980163,-0.019849037068990244,0.00895274360290954
2018-11-25,0.026769170477696943,-0.002026917379122667,0.00608467793329287,0.00038571161549016963
2018-12-02,-0.05093931174266125,0.010936034564004049,-0.007808420222881668,0.0015426914366418742
2018-12-09,-0.001945607486160781,-0.006623194369525284,0.013337645183953584,0.0
2018-12-16,-0.021433637056244233,-0.012858696130114505,0.010182910087560545,-0.005592107458965656
2018-12-23,0.02658014200624128,0.005631537724146832,0.0188662928873269,-0.0039137356487527475
2018-12-30,0.025000139091555348,-0.00041399590832164046,-0.007415829766640639,-0.003929290505556571
2019-01-06,0.015113094562068028,-0.00842508294584643,-0.014105199092036641,0.00039446126881736987
2019-01-13,0.008176831163519159,-0.013171503596071332,0.009736437564491454,0.00788629258553053
2019-01-20,0.015176359503446242,-0.011429611596375774,-0.008684838686311341,-0.003912381098692852
2019-01-27,0.017651136947003217,0.005052850884086663,-0.001224902141091444,0.0
2019-02-03,-0.017777164118247212,0.007566109961210918,0.0033633479140755818,0.014139963514632425
2019-02-10,0.017088148346174944,0.0037465191765205935,0.013355615865968617,-0.0050347394751316665
2019-02-17,0.013780259549389115,-0.007228659489328895,0.020688255175586825,0.00038924065394185803
2019-02-24,-0.017623102984439698,0.0014495204996263084,0.016795081265453815,0.0027236244322379477
2019-03-03,-0.004929835433155363,0.013844314882301742,0.004570397235005713,0.006208692747823319
2019-03-10,0.02218111555700654,-0.0023804366322106307,0.012042627950644286,-0.006170382737271218
2019-03-17,-0.022358466545307598,0.007413990415663693,0.010522779953647143,0.0011640970506476833
2019-03-24,0.017855458059953082,-0.000659519446130033,0.005314538091674689,0.008139554411987548
2019-03-31,0.01305482176369014,-0.006985741969461737,0.003540309104760539,-0.001537894367957482
2019-04-07,-0.0027062949276326267,-0.006284739984883339,-0.00042021145425541473,-0.0007700012183068372
2019-04-14,0.002250927633943709,-0.0013835096248491219,-0.0030013496127772182,0.00462417621561273
2019-04-21,-0.004102159537328967,0.018674009051609528,0.0024971482414332113,0.0069045538615277735
2019-04-28,-0.013144900893092264,0.0026498209497098912,-0.009292507716271117,-0.0026667301704768054
2019-05-05,-0.04525341836099256,0.000747344684155285,-0.018366221437519897,-0.0011459525866642783
2019-05-12,0.0013968220157103506,0.015100264066714858,-0.004611690322569056,0.006883517503938563
2019-05-19,-0.002335082608785348,0.02347006380177946,0.00756125951677121,0.0011392526358715571
2019-05-26,0.01436532221976515,-0.011523874958836305,-0.02699317216180626,-0.00682850780654054
2019-06-02,0.022092973216924095,-0.0002211939478153485,0.029030478264745904,-0.004201682483208735
2019-06-09,-0.00965861234466132,-0.0009998572438854186,0.0012820617928502587,0.0095896100496482
2019-06-16,0.03655417769065614,0.00025241072043852286,-0.01397665028016018,-0.015577474696185312
2019-06-23,0.010594199800560858,-0.012613721251434742,-8.558656073576199e-06,0.009648740182636173
2019-06-30,-0.007404986458126865,0.008858379272545833,0.024872719287554634,0.006498551971378053
2019-07-07,0.005395216246488021,0.0012882852511265364,-0.0006541159369527066,-0.0037980516140069254
2019-07-14,-0.006794147943129016,0.004501171675751592,0.0060842687431905546,0.0041936731399034866
2019-07-21,-0.006117107759372575,-0.00901380316677601,0.001511560201454043,0.00873195468571586
2019-07-28,-0.06492296570504194,0.0013631405833810506,-0.013326161760933541,-0.004140009317420423
2019-08-04,0.0028758413848664465,-0.0018415920604034075,0.002569223660754863,-0.0007559125014434676
2019-08-11,-0.0008930491048985934,-0.0073834373478498805,0.009481038089244095,0.010590012546048966
2019-08-18,-0.008111269305445385,-0.011198523775319533,0.005962213907251782,-0.0022454179487491066
2019-08-25,0.013657144280517532,0.004656254449921224,-0.002773228352233495,0.010127543630919389
2019-09-01,0.0306056801683446,-0.01107915294498038,-0.005934843486350094,-0.007426695073764145
2019-09-08,0.009891607699707254,-0.015852082557545874,-0.010980425397945248,0.004115228074630828
2019-09-15,-0.0062223698483530356,-0.00996505154635341,0.014584424851396716,0.0011177734128504646
2019-09-22,-0.007065528502909992,0.012653037075946283,-0.008231141612103893,0.008559720040538954
2019-09-29,-0.015498113040899701,-0.01682516202009529,0.013336628899512551,-0.003321064799277962
2019-10-06,0.01748770446075024,-0.016116334945359842,-0.01561387397949314,-0.004072567448686892
2019-10-13,0.019773959934793476,0.007437880481971873,-0.010988825239726191,-0.012267663232010673
2019-10-20,0.010908171525908984,0.0038574110292922126,-0.00890844507228658,0.005269141374655062
2019-10-27,0.009794621487425922,0.012497348299901928,0.0028272499422161285,-0.0011231291952589206
2019-11-03,-0.006283255220149795,0.009571524432429479,-0.002720150444763217,0.0067465213672126545
2019-11-10,-0.002426291984035527,-0.01208360938166668,-0.012112475813932003,-0.0037230251444507756
2019-11-17,-0.002566977101888388,0.004836953337449129,0.016839126659827106,0.006352844958148696
2019-11-24,-0.014851317890312491,0.012859812487092892,0.0003408712940959624,-0.004827385317964228
2019-12-01,0.006489725286376169,-0.00380790074156985,0.003301396937339565,-0.001865595918744689
2019-12-08,0.03320783884212389,-0.0028129125091183593,0.0020828162923592353,-0.005233600769803948
2019-12-15,0.005639215800970785,-0.008989992407112221,0.006765980303368516,0.0066034729973301065
2019-12-22,-0.0004036798566653044,-0.0019982910250341823,-0.0024431091195673688,-0.008377793514072307
2019-12-29,0.0013339376961800254,0.006255130304262696,0.006058716691561147,-0.00038411877452093623
2020-01-05,0.015922570944060153,-0.010250288878405456,0.01960543742698645,0.007299276277071609
2020-01-12,-0.011901399836311053,0.02527141443882297,0.011904502196618913,0.003051179657272085
2020-01-19,-0.031610420230889974,0.0024924526433843935,-0.005051686402441344,0.00494291645698941
2020-01-26,-0.012964200988877121,0.016735554237435682,0.014343498201004501,-0.0007566503868384755
2020-02-02,0.018846380777612404,0.011176068218198068,0.0015710505008426079,0.010980701820963334
2020-02-09,0.0016662739057132646,0.0028299009561216087,0.0039673531422425995,0.005992487638909472
2020-02-16,-0.050867346733055346,0.014647669633619964,0.006510731646723944,-0.0007446195471856321
2020-02-23,-0.029768033371604493,-0.017172934581538457,-0.0008907362983126416,-0.016766012265043373
2020-03-01,-0.10648168885132471,-0.01715613861983531,-0.04381546752311394,-0.024630547653741952
2020-03-08,-0.18548897995326163,0.022916288222777054,-0.04940712683203277,0.03185702497808185
2020-03-15,-0.055508376170197334,0.02563481275468854,0.01972283309133223,0.053087294606646296
2020-03-22,0.13906994709838513,0.013257404741482848,0.04424130630514797,-0.040042840865091245
2020-03-29,0.021776475468627626,-0.04745555585358084,6.653536224240919e-06,0.01675976778993382
2020-04-05,0.030223504452420655,-0.012325119907977203,0.014002052630385717,-0.01428573396730759
2020-04-12,-0.0024692328453093416,0.02640346766971237,0.027425493446881416,0.00706074236290033
2020-04-19,0.011834075347677908,0.006957024814028712,-0.0022619765608671294,0.0
2020-04-26,-0.00017768711353275624,-0.03587965574084458,0.016066374585558416,-0.004797244358210939
2020-05-03,0.016778367758038475,0.014070995945054177,0.017744459804651322,0.005932578658204735
2020-05-10,0.013987512292547449,0.00852436647033547,0.025928715529980675,-0.006266113705523324
2020-05-17,0.017913630706060505,-0.02340044303121948,-0.03423599279268069,-0.0063056254717135385
2020-05-24,0.04166611709987676,-0.017987071167651664,0.0017647900408137296,-0.012691359970018468
2020-05-31,0.08841206010657171,-0.07245944692660453,-0.008515604764815637,-0.011720258246012305
2020-06-07,-0.05725845595769985,0.03649423387318422,0.04727027631434122,0.0003826493367116157
2020-06-14,0.016511287787214435,0.01944063967722083,-0.016665916730173938,0.0034415960856604144
2020-06-21,-0.009982501786173317,0.008352437878378485,-0.007091350109252395,0.004573196694758863
2020-06-28,0.04547692840823485,-0.000819380550055232,-0.005544471310517385,-0.008346011933593522
2020-07-05,-0.016232966249102105,0.017225982376100166,0.013558708991034576,-0.0026778682513196594
2020-07-12,0.021794494482901848,0.013541733531724179,-0.012377856955832309,-0.006904399731281985
2020-07-19,0.010305793944446355,-0.011030708532566338,0.002871504340042852,-0.022402582669849846
2020-07-26,-0.022034146404215846,0.03245142464530702,0.010695690873962813,-0.00118515602135838
2020-08-02,0.010468166438621385,0.007789013061460293,-0.01141162495803169,-0.00039566662343304415
2020-08-09,0.01675286115756526,0.00452271173226762,-0.014014993951855403,-0.007914538602396437
2020-08-16,-0.0019115260747781936,0.003989140451638423,-0.005713920619666857,0.005983302808919788
2020-08-23,-0.009664226473965996,0.006109872488119256,0.00772822265154359,-0.012688384395840857
2020-08-30,-0.015170272988771058,-0.004997605184240958,0.01910863514578086,0.012851448514638042
2020-09-06,0.018357991384646,0.011898163948177207,-0.012427479940221961,-0.003965114640843037
2020-09-13,-0.026381200281887462,0.02461744584215736,0.011248158747713954,0.006767590569886295
2020-09-20,-0.0059275802283928454,0.01329489077885651,-0.0015493182851014503,0.007117345880946591
2020-09-27,0.021983543313629516,-0.003475074585280069,0.007804595953185778,-0.008244931903761299
2020-10-04,0.019136376159040482,0.00499785305604411,-0.012886506156932764,-0.005938297204071796
2020-10-11,-0.017340254930777912,-0.004520515035521422,0.00941748742056868,0.00398248478538199
2020-10-18,0.0019794378147693827,-0.03826093324983289,-0.011228469709057859,-0.003173420218583356
2020-10-25,-0.0292830027893239,0.016762546578290363,-0.0029887063293514565,0.010744213621427967
2020-11-01,0.09838245335610832,-0.041112806635441396,0.053434822220422284,-0.01377959751662905
2020-11-08,0.03621531290333063,-0.0301429141786307,-0.02023481061354228,-0.003193601456661699
2020-11-15,0.00751178558956787,-0.007690919074736763,-0.007848813009238828,0.0
2020-11-22,-0.005418676317568454,0.005582324780644396,-0.001963061168830618,-0.00600726482185987
2020-11-29,0.040876677971067685,-0.014096807654485344,0.005518703457601276,-0.01248987263656598
2020-12-06,0.00183442336368433,-0.005648127204800332,-0.0020754539268826033,-0.0016319360101272329
2020-12-13,0.0031504520559751904,-0.005085962157501664,-0.010745179079364744,-0.006538595143259052
2020-12-20,0.015386695052095396,-0.0019757129061596657,0.012833147213231255,0.001645452943686232
2020-12-27,0.01287081446422036,0.010193603172402074,-0.012911461933636292,-0.0036960055010314408
2021-01-03,0.02259001030117572,0.0039896748812962846,-0.02238423489204995,0.006595011261932848
2021-01-10,0.002370487532888226,0.008180590365717694,0.01197866567328594,-0.00040951027825497643
2021-01-17,-0.0037300481077480407,0.02840237939791601,-0.010849017577419337,-0.0016386215457659947
2021-01-24,-0.02074170304934312,-0.00502431413021906,0.01576841540137547,0.0069757761592741385
2021-01-31,0.030566341894465224,-0.0028234570373024404,-0.01912715831022982,-0.0008149253868596773
2021-02-07,0.015391317481532822,0.010039322881259888,0.008992362290250841,-0.005301831472878549
2021-02-14,-0.01740801982292599,0.008563260105929893,-0.012259645322422491,-0.0045099720927448406
2021-02-21,-0.0022295857567001098,-0.01351911039199502,-2.687736940722163e-05,0.01070829411669827
2021-02-28,-0.016200477328752273,-0.023603683562072694,-0.0176948038242509,0.01507742692741032
2021-03-07,0.029380267713954487,-0.00016322919735325958,0.004387588049492325,-0.006824466258207096
2021-03-14,-0.009049908018477626,0.021142245488038794,0.01960494304837611,-0.00040421340607743605
2021-03-21,-0.004105365059445072,-0.007357769638849418,0.020558783546457238,0.01253532482376496
2021-03-28,0.018019488781767876,0.0011209933193054578,0.004754038971052171,-0.004392988465610981
2021-04-04,-0.009256380180778217,-0.007701182583855118,-0.0012767571572835507,-0.005214548802374597
2021-04-11,0.022035138790083845,0.0046565117226548824,0.003154688153225532,-0.01169365058449967
2021-04-18,0.0003021981388603789,0.009537346901394073,0.0038889095169568205,-0.0024478588817208324
2021-04-25,-0.004631452301342982,-0.015552944166594154,0.0056939942428065465,0.0008179250366591173
2021-05-02,0.013940238887571742,0.012449483496827327,-0.009854621722159285,-0.008173289136319206
2021-05-09,-0.014200508427756331,-0.0020719488492259436,-0.028492776531473404,-0.00041185891124850826
2021-05-16,0.00647026229999081,0.011029366952427705,0.0007592778141809475,-0.004122292425768781
2021-05-23,0.028379656961130893,0.005955086771092716,0.019458914450094428,0.0008279261571553231
2021-05-30,0.003975919793184892,-0.003222032709502415,0.00860281372331416,0.0008270582647404989
2021-06-06,0.0025855259427984834,-0.01439947034209986,0.007565120976974107,0.005372030481244794
2021-06-13,-0.026054579248948873,0.008771130312071745,0.005267015091934377,0.015207564025339515
2021-06-20,-9.802876726517695e-05,0.007209479396649315,-0.012380036480316187,0.0
2021-06-27,-0.012333166217517256,0.004203430949872508,0.0193074424930071,0.0076921340593250065
2021-07-04,0.002996510363827389,0.012028795858738714,-0.0009234536231442214,-0.0036157307621470514
2021-07-11,-0.0311776854793767,-0.0065044048710305585,0.010027319555848263,0.006854735576993898
2021-07-18,0.01680325326789795,0.041238896254557164,0.045783020091090296,-0.002803342994717073
2021-07-25,0.004954636691357001,-0.008374707097168962,0.012129911604473603,-0.00642559097764106
2021-08-01,0.002029646915062613,0.004322569627237899,-0.0010208137533168488,0.009700764034879628
2021-08-08,0.0049992168851990156,-0.012863071307722851,0.015898663168810112,-0.004003121864672887
2021-08-15,-0.008005587032782091,-0.026690256416279104,-0.011975176877926402,0.003617272346513989
2021-08-22,0.01909818041721692,-0.004305262104546556,-0.0029344217130555933,-0.003203921827142797
2021-08-29,0.009559030031298432,0.0033166626047810427,0.008569410430639635,-0.001606843301800276
2021-09-05,-0.009062737755746317,-0.0006059357312383218,-0.005321767944103717,0.0008047592172708562
2021-09-12,-0.04234327803370114,0.006850219789763176,-0.013385114924592253,0.0064333416066406635
2021-09-19,0.018301216732855806,0.018389509396091283,0.011349911710319946,0.0019976510805392866
2021-09-26,-0.02040346631677592,-0.013503234449699267,0.017776287170339175,0.00398733685330499
2021-10-03,0.011148361478654114,-0.007351140352617247,-0.026388060405268712,0.006354138229502926
2021-10-10,0.022145941550712332,0.02178306544996969,-0.00949983116752598,-0.005130177892965215
2021-10-17,0.007397834620266348,0.001754309657145292,0.01234537007756295,-0.0019832998760996867
2021-10-24,-0.004075736099421405,0.02183623644835392,-0.02042868380529342,0.00039737788632066007
2021-10-31,0.012986290390440245,0.0015381661276485659,-0.003898434236845716,0.002383935539072235
2021-11-07,-0.0018014184866709825,-0.015029065140442083,0.0025623967005993648,0.016250446018029052
2021-11-14,-0.02155458135535912,-0.0055355244787796964,-0.005916989606225637,0.009360253799248541
2021-11-21,-0.03380556435196213,0.0066117206504175685,0.0058790352505209975,-0.0023182774953712793
2021-11-28,0.005989097807607484,0.010756870307622651,0.0054310848135398215,-0.00038739164858669906
2021-12-05,0.004126754085455126,-0.011066740922390184,0.010371713967730345,0.0007749121173368234
2021-12-12,-0.010191543862815813,0.01371148293123721,-0.010756319647708165,0.001935694579789704
2021-12-19,0.035894365900088626,0.011503651992589473,0.0014992482476113705,-0.005409542125234146
2021-12-26,0.000366240132405804,0.01907142697645836,-0.0026643086005966182,0.0019424627391655402
2022-01-02,-0.006876126709580333,-0.006280920779910201,-0.00010284246379925477,-0.0027142957513465182
2022-01-09,0.005433523699672245,-0.012104729202629824,-0.007418005674695138,-0.0023326992774894695
2022-01-16,-0.0171007286922848,-0.04177484607228839,-0.02387362237936569,0.0011691629646766177
2022-01-23,0.012260018933655376,-0.0033582408111225565,-0.01014057967266549,0.007006613472164691
2022-01-30,0.0005405443184373349,0.0009166640117385938,0.01665567860030824,-0.011983023287775119
2022-02-06,0.0005863782822409869,-0.026499153653008325,0.0017095628263511103,0.008998391910838954
2022-02-13,-0.0038552766792032366,0.004958668813575498,-0.015891288077266905,-0.0023264534285956096
2022-02-20,-0.011414206873059593,-0.0015025770159409618,-0.014070042010868769,0.005829739081384844
2022-02-27,-0.0654689012397289,-0.04210684850205269,-0.06318629673578374,0.025888742855511238
2022-03-06,0.01855386145375491,0.048929669075643015,0.043274102461038355,-0.0018832845248760721
2022-03-13,0.055507646433177585,-0.019502489268493017,0.041118391980885585,-0.0056603469561087305
2022-03-20,0.010707775934539062,0.008713158626340381,-0.009435610895224517,0.005313053084434749
2022-03-27,0.02296291388509976,-0.002770610850605329,-0.010150394927211093,-0.001132446646846308
2022-04-03,-0.03197994952711349,0.004351812235986324,0.0017280998086770527,0.010204076513391058
2022-04-10,-0.003796296036233855,-0.005774616003907121,-0.0007456734875519871,0.007856364878064515
2022-04-17,-0.03027861943675336,-0.008517132054266352,-0.0011780931646546283,0.00890865396025986
2022-04-24,-0.02041700151271115,-0.008719158804636987,0.008659917106124654,0.019499613514426972
2022-05-01,-0.04413705134585937,-0.00017987183458853528,0.011655225833192728,0.0003609690930295173
2022-05-08,0.020738875279663622,-0.0160412342867539,0.012570270113387266,0.005050546569880021
2022-05-15,0.03166050484709766,-0.007212985744720429,-0.023283828472145246,-0.020459454252551024
2022-05-22,0.022269765563716827,0.0045695461245134905,0.005489859100653471,-0.002931628150115939
2022-05-29,-0.004679458505398575,-0.007986248139412608,-0.007074246247275248,0.005512812288009705
2022-06-05,-0.07881592193327241,0.026716849765022768,0.012342590715303983,0.02704678628573509
2022-06-12,0.0002466216897672169,-0.0049006030073008855,-0.010983588993445592,-0.00889685333198964
2022-06-19,0.007118450041392559,-0.006422934828599014,-0.02198690207831694,-0.004308821402018159
2022-06-26,-0.03701111149185952,-0.015016419106863965,-0.0061362239684124575,0.02596480612443708
2022-07-03,-0.005868447393222613,0.003593481378251037,-0.001993301235624592,0.0158172132215868
2022-07-10,-0.00046314330023625503,0.004031652028021526,0.002038276305717193,-0.0069205044950475525
2022-07-17,0.02938463637630475,0.0006234549477596996,-0.01454960759051846,-0.009059220073129315
2022-07-24,0.023380972530234224,0.0026488453374787085,-0.018383608022122022,-0.009142117617149559
2022-07-31,0.009806329792016592,-0.0015972835915043643,-0.004004292164086584,0.00993612886748596
2022-08-07,0.020529701442747697,0.006680992563437169,-0.002584805728915715,0.0014055152480525468
2022-08-14,-0.03604291759192148,0.020375102054874097,0.002480840787782393,0.023508794265348687
2022-08-21,-0.000899276545420049,0.015177143616765504,0.00035576910939005835,-0.0010284786184528993
2022-08-28,-0.024659624915905412,0.013913175921040077,-0.020961389885019,0.014069965878728885
2022-09-04,0.04581624148441325,-0.006471306965173396,0.0037126062686038686,-0.017258775236633994
2022-09-11,-0.043587955513787816,0.004520847310607895,0.020930209887741996,0.011707965211932514
2022-09-18,-0.06983235194194558,0.004516943502638968,-0.002509534604268074,0.04356696942288463
2022-09-25,0.012825456708699803,0.031771688216436986,0.0385273303299401,-0.021200122442034508
2022-10-02,-0.009200531866079427,0.007986318081055002,0.0007907306603830988,0.013995227877511285
2022-10-09,0.010778437950034449,-0.013863475967937786,-0.00585588301792167,-0.009201521968581039
2022-10-16,0.00226257375297771,0.02928904234480942,-0.034670870914776775,-0.0003316095847865075
2022-10-23,0.021124353823684907,-0.0012498631255237896,0.0004935087760491313,-0.003649649503279506
2022-10-30,0.03730783313398908,-0.02395150962517205,0.008625422293661408,-0.012320940781020973
2022-11-06,0.04860707603540324,-0.05773100751633997,-0.03675037083823543,-0.029669629967123634
2022-11-13,-0.008964523967997153,-0.00660373405777559,0.006342840033457309,0.009728905055385262
2022-11-20,0.013278552719999323,0.012709272887261702,-0.017074769102558576,-0.009291041517714427
2022-11-27,0.018121688714424503,-0.01859751417349552,0.043085701357815434,-0.01146235846688104
2022-12-04,0.0016760577626660877,-0.008642815335179077,0.004640869318632043,-0.002810875018754433
2022-12-11,-0.017444692455522187,0.019217312403772654,-0.0019844886873616463,-0.0022177436329522404
2022-12-18,0.014782110469628237,0.004052280699662958,-0.0024243718769344225,-0.0035626209664439967
2022-12-25,-0.0021611888670104397,-0.005047938797093199,0.013043685899508717,0.0050054079670951435
2023-01-01,0.03715011238021318,-0.028598775251930525,0.02336289087025356,-0.013518274836349375
2023-01-08,0.02527909714781538,0.005556421064508904,-0.009687503760794344,-0.006491154878113914
2023-01-15,0.014069801956108718,-9.323432885884053e-05,0.01139359620559223,-0.002540857470537339
2023-01-22,-0.008174980918328063,0.0015403726396258643,0.004242782323601077,0.0032751042040519707
2023-01-29,-0.01423561392427171,-0.0036150974172675654,-0.0053976062852731516,0.013783129769899372
2023-02-05,-4.1093320468741355e-05,-0.021683389963855174,-0.019242954835840237,-0.0017889583160707323
2023-02-12,-0.014335916955062448,0.040520112423975185,0.021949526957602924,0.010035853507399883
2023-02-19,-0.011702340948940319,0.011553450447508398,-0.017975213149260177,0.005677803062612563
2023-02-26,0.015674078716209534,0.00143205885531289,-0.001846200807842216,-0.00246995170682196
2023-03-05,-0.038618076318702135,-0.01807193195357322,0.010108816134939719,-0.006367241216930886
2023-03-12,-0.007025345511068037,-0.0060791541275978245,0.0031887279788420514,-0.0017799641680518175
2023-03-19,0.01809316152291631,0.008877931565417885,0.0031083790956879104,-0.0035664326092610388
2023-03-26,0.028314151913740458,-0.0012260326025610863,0.004163258732329894,-0.006800224212025863
2023-04-02,-0.0021891481769825915,0.014062279479401793,0.006421972810967375,0.0054053972885999
2023-04-09,0.015105525019117945,-0.0004929735493378051,0.011528274503160685,-0.0028673530276212
2023-04-16,-0.0066526200885303945,0.008478443305414973,0.005928651130455209,-0.005751275599896966
2023-04-23,-0.0032401896344940308,-0.010041183736144266,0.002811277240975657,0.00831521773173094
2023-04-30,0.006776688427916735,0.0024706006921099283,0.0032749795035382917,-0.006812415167215313
2023-05-07,-0.008125382382769119,0.012242751399604027,-0.01860400614328546,0.011552302495523525
2023-05-14,-0.008099272826494173,-0.016898758479334114,0.015199158579342176,0.009635959974029884
2023-05-21,-0.022099893541444388,0.01115242889071913,-0.0056749446378986795,0.009543994425750935
2023-05-28,0.01662198208754765,-0.016749644850160242,0.0104354295544756,-0.0014005069869080788
2023-06-04,0.012000292564798527,-0.017880444772803802,-0.0028797639532555236,-0.0010518918173213487
2023-06-11,0.00252734134870674,0.00796766654531797,-0.006473434848358481,-0.009126046629424067
2023-06-18,-0.017064228336829787,0.006360172036294548,0.007664450583649271,0.003188093062454156
2023-06-25,0.019241516555344028,0.012423190649888616,0.005154752789686939,0.0031780388670483717
2023-07-02,-0.015896321603922337,0.01006134153640055,-0.014680066949884649,-0.00879980775099154
2023-07-09,0.04140959294667359,-0.008264577378885168,0.017626290829444752,-0.020241447845956828
2023-07-16,0.00033618722610826443,-0.004918285082261456,0.006949871517024017,0.017035185382291873
2023-07-23,0.016039433883256543,-0.010961969320667717,0.016535152911467746,0.005702006277099603
2023-07-30,-0.030768711978876623,0.010393914384926123,0.004386295863370374,0.0031893005874226166
2023-08-06,-0.017584107718630223,0.014351659467880404,-0.019894744338124895,0.012716335270980927
2023-08-13,-0.022538901854129614,0.009220215981533747,-0.01563449973545354,0.002441598386363486
2023-08-20,0.01586034888043513,0.008013335202099348,0.0058671862762049165,0.007654773908997159
2023-08-27,-0.0064400106436625255,-0.013554550377554736,0.009626393315481582,0.008977862164510686
2023-09-03,-0.000568019062827112,0.0006236949103657491,0.006344737096795658,-0.0010266175249270537
2023-09-10,-0.0039827456399827545,0.002579094638822721,0.00263547502595729,0.0061665612421990534
2023-09-17,-0.016853950854089406,0.0030343594524566836,0.026981120753538146,0.009192965048213875
2023-09-24,-0.021622792979879256,-0.009526681199636844,-0.017375203147638435,0.010796180681548417
2023-10-01,-0.002536928308261772,-0.00582071111309479,0.00010915611397378788,-0.007676793881696842
2023-10-08,0.010700029252762646,-0.013524181218462064,-0.009245542591847289,0.0023544712232523857
2023-10-15,-0.03762643289374512,0.005583216199658486,0.0027277920086359875,-0.0036912451122611545
2023-10-22,-0.0007222811227111591,0.0021160072023698323,0.006641260282110734,0.0053890362677597725
2023-10-29,0.046857080073463335,-0.012750691107486029,0.011128982563768458,-0.007035238496745144
2023-11-05,-0.011720743300826947,0.020558086455276584,0.007470338564308718,0.005398127337055136
2023-11-12,0.043255559361437775,0.0039026599354391456,-0.0010162848857347417,-0.019798677154191036
2023-11-19,-0.004693535728112938,0.01156306888063166,-0.0029195539939687737,-0.002054088031614887
2023-11-26,0.0026347057282430073,0.003631941990091328,-0.017864542996663332,0.0061749479815893515
2023-12-03,-0.0007310000333596279,0.010014374783420599,-0.016559746303412295,0.005796154520850916
2023-12-10,0.02278430203179124,-0.008100201569891122,-0.002185733475191423,-0.01404256043604668
2023-12-17,0.014825480262752065,0.016675400886731473,-0.01284681800260487,-0.009144067892460916
2023-12-24,-0.0039545859999925975,-0.014832012396966646,0.007125639652386523,0.00849014677860227
2023-12-31,-0.00130750683856101,0.00676486183143811,0.001957035913026303,0.001464182315599416
2024-01-07,-0.026933189462363588,0.005288057405949592,-0.030069563479613315,0.01206139128133743
2024-01-14,-0.006553521084642142,0.020723643339633127,0.004169689645848934,0.000722234311989034
2024-01-21,0.018442756245766873,-0.019440785687101253,0.011232356690812767,0.002526256116259784
2024-01-28,-0.008276075589420548,0.008407655203045705,0.002871336754524001,0.011159068617938583
2024-02-04,0.015152080877994321,-0.0009443379922119827,-0.002287264374463166,-0.0024920075367889094
2024-02-11,0.009347650366467541,0.0029955540355852683,0.0076446902735373,0.001070629309610327
2024-02-18,0.0018754425149894115,0.0030765996343662116,0.004121312254732654,-0.002138968576770095
2024-02-25,-0.0021494874393357976,0.00786944591396678,-0.0043655198826450525,0.0017863437430905016
2024-03-03,0.01467154998784689,-0.012386653402955736,0.0001588734458591451,-0.008202646314712791
2024-03-10,-0.005234996993695273,0.004927599638514232,0.000633279348548732,0.008270486187761827
2024-03-17,0.0033139030359981133,0.022824278979449858,0.006072956539288049,0.007489280022773714
2024-03-24,0.0015123079462410782,0.0017839675934222393,0.0005553394813224422,0.00814159808663062
2024-03-31,0.006556726440149454,0.006889706294938153,-0.014533770232585619,-0.006320310523002859
2024-04-07,-0.03478746990473678,-0.00858440841520601,0.0004983266534602654,0.020848090462671776
2024-04-14,-0.00032280862000865884,-0.000601975900097057,0.00759941654587247,0.0006923777155560806
2024-04-21,0.02651614440816358,-0.015457303627358088,0.005597069186720038,-0.0038049791318002235
2024-04-28,0.015057274370203017,-0.010161369359487707,-0.01326001116891018,-0.004166604034109289
2024-05-05,0.006489762699919907,-0.017038740689260312,0.012109029884648043,0.0017432949489299965
2024-05-12,0.019405384574197958,0.0039276585161397565,0.002545041019831426,-0.004524836876975691
2024-05-19,-0.01600279655809568,0.019033191636128072,-0.014785418771152609,0.0006993262047518822
2024-05-26,-0.011930128386473426,0.01627725827286411,-0.03136884937482097,-0.003494115416663335
2024-06-02,-0.01153145944996231,-0.011316835398267194,0.000980269029051864,0.011220244508186594
2024-06-09,-0.011204390452993231,0.01833660687426475,-0.009754386277681798,0.0027738832664487845
2024-06-16,0.008967452121319254,0.004946106390828459,0.00942896819198362,0.002766210122478574
2024-06-23,-0.005805754303408826,0.0018585507171632876,0.011475187214373642,0.004827620426424595
2024-06-30,0.01857229856629195,0.0018412004843383484,-0.005214388356818242,-0.007206568973643135
2024-07-07,0.015911008407390667,-0.017758545704631923,0.008984921585004496,-0.006567602748037915
2024-07-14,-0.008367794446524766,0.006086613001274152,0.004975447027493127,0.002087687164687102
2024-07-21,-0.018299904509245284,0.010139488214028256,-0.005206624751354277,0.0034722773985227384
2024-07-28,-0.042641113828884976,-0.03146241045674934,-0.02079063262392862,-0.016955064666725472
2024-08-04,0.0324163162915656,-0.01720380778564641,0.0008770319773023921,0.005631807649674414
2024-08-11,0.046718329423165235,0.006316036411247838,-0.007809290537957092,-0.010850505754430029
2024-08-18,0.004625284828882417,9.496517936251336e-05,-0.01735242276583443,-0.008492586968044336
2024-08-25,-0.015600571231915628,0.009794338826070698,-0.007031498288959451,0.010706660959390435
2024-09-01,-0.002900494895221226,-0.005430506578800176,0.007402817396931272,-0.000706313237800904
2024-09-08,0.02175132358963353,0.003338641300433265,-0.002297110151064846,-0.00742040182904391
2024-09-15,0.015560950876196526,0.002182910885853276,0.009261581027007235,0.003203957269218849
2024-09-22,0.01626328637840873,-0.022344319263660026,-0.013294246040848792,0.0
2024-09-29,-0.011466457469592975,-0.039910024027642585,-0.03259593224968617,0.018098017216134465
2024-10-06,-0.0045427475534767486,0.03990228571148666,0.0363489079649091,0.008016663346988473
2024-10-13,-0.010882528968733105,0.00923266121214393,-0.013913722031189318,0.008298772933539977
2024-10-20,-0.005243923704224489,-0.013142363284234224,0.02120880186093599,0.004115235065394129
2024-10-27,-0.016600993683672467,0.007750894816288906,0.015075016478848333,-0.00239079757322469
2024-11-03,-0.010208129852492967,0.00337882911821151,0.005328671036935795,0.016432764663034893
2024-11-10,-0.01352727166989013,-0.0013634305905773914,0.0019229109186230803,0.008083616735428567
2024-11-17,0.0014777733843795594,0.0056104281166042685,-0.007719440267481545,0.006348101465480482
2024-11-24,1.7245305186723808e-05,0.019114283481225167,0.014502516641803881,-0.0029880883701571825
2024-12-01,0.019685077548912765,0.0010730853593780704,-0.015952902414735626,-0.0016649938240632656
2024-12-08,-0.02098622923556115,-1.2606065782516662e-05,0.020377930261373037,0.007671786256356894
2024-12-15,-0.027152064505309728,0.0070831166159368575,0.005153027591972753,0.013301250906216477
2024-12-22,-0.0030156928436517205,0.007598935504310386,0.0038372238912754847,0.0
2024-12-29,0.009574057193240244,-0.007634890712955464,0.012578220022943315,0.0034141102144034097
2025-01-05,-0.02450386833596832,-0.019027508185094355,0.0032235349208401404,0.015651591944511933
2025-01-12,0.039188590372873255,0.010630585739614784,-0.006821042466905125,-0.017085457751658262
2025-01-19,0.0027275049358098657,-0.010259531397165775,-0.007530035478690841,-0.004430840348365606
2025-01-26,-0.007622465165272767,0.0006821576340465124,-0.002947063483765458,0.014721010584455074
2025-02-02,0.02128981796226597,0.0318211432280351,-0.016637196319466252,-0.004048527763619636
2025-02-09,0.024466636195236976,0.0023209315466738573,-0.007550717909331289,-0.011517613320075615
2025-02-16,-0.01387036272590279,0.008237803902180485,0.004567727800875776,-0.002741611343908712
2025-02-23,-0.012465947223971575,0.01563941105718125,0.00010184018948876383,0.0003436605008415583
2025-03-02,0.009161454743133155,-0.010896442825388195,-0.013901386102289998,-0.02404675104394216
2025-03-09,0.03185376256530167,-0.004372046868458268,-0.012989324498081517,-0.00457581412916086
2025-03-16,-0.019437742619480027,0.003270098663987392,0.01978273848884389,0.009547322094794808
2025-03-23,-0.014951538797958767,-0.004239750924941665,0.020438072832282134,-0.00035021185433614654
2025-03-30,-0.0923835041555455,-0.06174699190952643,-0.018418579760236642,-0.005606251201272894
2025-04-06,0.0767599023364094,0.03931413661505284,0.050506563561150714,-0.03594073079411808
2025-04-13,0.010124208051397927,0.0048689767775273035,0.0033819899535871417,-0.011695938474484358
2025-04-20,0.04180383509923104,0.011231201296035359,-0.008229527401064585,0.006656786712775142
2025-04-27,0.02288882961004936,0.005471077766901616,0.015393507361827485,0.00955179056308042
2025-05-04,0.007915712154417727,-0.011601019346823907,0.009909026620370562,0.020742362310121054
2025-05-11,0.018898892492230254,0.002257120513756025,0.016221851772571738,-0.012834190153178437
2025-05-18,0.002044935642553454,0.014689337913363881,-0.018737548261363313,-0.0061393640264255644
2025-05-25,-0.002383568837992618,0.015953371863923524,-0.022360379926284188,-0.009447735988051487
2025-06-01,0.011397875542260518,-0.010815392491999948,0.00507382889756855,0.004035281944414271
2025-06-08,0.0005686949066492585,-0.004137716461805885,-0.0008372718518915162,-0.00621121503894384
2025-06-15,-0.020121729299624937,0.007384377620847052,-0.010165482951031563,0.0033088507769793996
2025-06-22,0.03329074922986945,-0.008859339165974173,0.01788027129846198,-0.015023877311025169
2025-06-29,-0.006079100925315886,0.00310191376083252,0.004529674109067697,0.007068453745932013
2025-07-06,0.0038320166936481968,-0.003792248116462324,0.007514419597611233,0.00812713703044543
2025-07-13,0.0074555440466257655,0.0026350558321738965,-0.012437807861597289,-0.0018321960259654047
2025-07-20,-0.0022235118969934752,0.006063322362562851,0.001766578511803077,0.009544777135865878
2025-07-27,-0.0035811135960247186,-0.0066253791999575234,0.012693571006968635,0.002181788343434521
2025-08-03,0.016116529652923192,0.011190960179753906,-0.01213205040912195,-0.0007256556451556984
2025-08-10,0.015027268344380881,0.008998743509969084,-0.007393594009261248,-0.0047204376032664586
2025-08-17,0.006083017189593009,-0.001961501149745623,0.013091345322249051,0.0051076032160284335
2025-08-24,-0.015057607952856728,0.012059730245911435,-0.002219591898966644,0.0
2025-08-31,0.016535826887083754,0.008298062065970543,-0.013183704440718355,-0.00871138664071236
2025-09-07,0.019840089052106963,0.00495787702952992,0.006655921870106454,-0.00036618530753318446
2025-09-14,0.0009392195495264266,-0.011660538714742028,-0.00490211126523081,0.0010988860926424149
2025-09-21,-0.008285578143012565,0.015445044790020498,0.010370706238706423,0.007683903418606253
2025-09-28,0.010051891088548932,0.013183342489314812,0.009280052341910747,0.0029048736600556513
2025-10-05,-0.015570400070392539,0.0012945305865273982,0.007485278576153068,0.01339607306094548
2025-10-12,0.01868556741291137,0.010779245102973484,0.0021653558531942313,-0.00607363213081491
2025-10-19,0.0076238433762417564,0.007184834949425262,-0.010276325616108806,0.0021566923721312303
2025-10-26,-0.0026024528530094225,0.005048570332196467,-0.021048394348971294,0.012553819848182046
2025-11-02,0.006429337787378881,0.011450425702381445,0.0066770176950433635,-0.0017711180039161611
2025-11-09,-0.013384582135650715,-0.00799235499945479,-0.006188184537935654,0.0
2025-11-16,-0.0070409126514719535,-0.020056393077242524,-0.007905887789318194,0.00745206179029223
2025-11-23,0.017473418784206513,0.009438023926898909,0.00896009340343612,-0.006692429225914287
2025-11-30,0.0017708860501063485,0.009177517169299279,-0.005464556287665762,-0.0028368871713776445
2025-12-07,0.013032158864431383,0.004730836700157004,0.012757102380850094,-0.006756757704667882
2025-12-14,0.007525669737216467,8.328407929567017e-06,0.004854207236762539,0.0008285443559017391
2025-12-21,0.0046100089032811865,0.012207853277509492,0.005275253454926979,-0.0018498388138733501
2025-12-28,0.022167619996986396,0.010299339473291341,-0.00020875852834975617,0.0033358100116718248
2026-01-04,0.013169466360809597,0.013029477901658024,-0.006255539897295007,0.007757702038742265
2026-01-11,-0.004992307309154258,-0.0013753537350307682,-0.0028565664832117116,-0.0025660410707805115
2026-01-18,0.03051945945031971,0.02733941271785971,-0.021383802474551558,-0.015802955247893657
2026-01-25,-0.001542349355145709,0.004823417447720607,-0.005239157247405035,0.007841638502174453
2026-02-01,0.024156549023369597,0.004575295810413771,0.005771418511070603,-0.007410109569724321
2026-02-08,-8.917484443119681e-05,-0.023508493303362354,-0.014086902029546086,0.0044792432916720415
2026-02-15,0.010568334209909271,0.012655384304793058,0.00048594442561192275,0.00668897458923956
2026-02-22,-0.01092528686586613,0.024357766761456,-0.029466610241091484,0.008859349197723576
2026-03-01,-0.04528346642135309,-0.020859195744702783,0.026368453420850008,0.004756646949487964
2026-03-08,-0.01050674799042036,0.009002658728006457,-0.01671103610853955,0.009832500610545969
2026-03-15,-0.016306989713607164,0.00041179230729686267,-0.007409716344997194,-0.006130547389119667
2026-03-22,-0.022302479188763758,-0.003414310289601527,0.03113179362835093,0.015239480567224462
2026-03-29,0.04084283547069221,0.018946544578800212,0.005530794535053479,-0.005360958576995145
2026-04-05,0.050350037516915414,0.018032768889363282,-0.02056337236210576,-0.016169628608447617
2026-04-12,0.015011307196978456,0.0049865460788709876,-0.017097334266553715,-0.0021913611315356185
2026-04-19,-0.02154274097996135,0.02264384106894883,-0.014934194962629363,0.004758457890461143
2026-04-26,-0.010914955837349374,0.01588259154273325,-0.036478427156306184,0.00109285167442974
2026-05-03,0.03242596758033887,0.039643486225948835,-0.023840047207462703,-0.004730682785012208
2026-05-10,-0.025790198324983093,-0.025751477719934884,0.028263790067365097,0.01279708872351093
2026-05-17,0.015883414706293376,0.034968370662152456,0.004660918029334091,0.0018050265589681924
2026-05-24,-0.00315256193709764,0.018511512286185486,-0.014960596167442372,0.0003603686083544222
2026-05-31,-0.03548805173428754,-0.016428655766762404,0.015426962814393652,0.009726241193714458
2026-06-07,0.04878760784563815,0.00383330266641696,0.047716537256913466,-0.0021406126229458478
2026-06-14,-0.007441601164094056,0.022025409481810407,-0.0029550667375614764,0.013943557617853042
2026-06-21,-0.017213339012631806,-0.013820445716702212,0.01723286491687205,0.0003526173718835235
2026-06-28,0.013766273177672188,-0.009994142201857154,4.877363566829773e-05,-0.0017624653835057735
2026-07-05,-0.01629795302613324,-0.023541590484792166,-0.0004734002674198906,0.006355943047862356
2026-07-12,0.0005879752404895511,-0.027802825872728712,-0.026229076633703358,-0.0038596705386513275
2026-07-19,0.007296640197110106,0.004770136581658202,0.013233412139133968,0.007397005858966743
2026-07-26,0.015907747017678848,-0.016526868653436264,-0.0054035329659848225,-0.015034975504908843
2026-08-02,0.015472168416246181,0.004017386186076152,-0.006264237516885457,-0.0010649870984826837
2026-08-09,0.00012619895022111024,0.033782107845435505,-0.019617004300917687,-0.001421428892902754
2026-08-16,0.005789547774468904,-0.003341722732697755,0.03307867232987122,-0.004982252494537098
2026-08-23,-0.004793767618650535,0.012479597484670965,0.01421934495095746,0.005722523605145469
2026-08-30,0.007894620757985815,0.018564034178343736,-0.017455600002234936,-0.004623081942937035
2026-09-06,-0.02263468134268746,-0.015184673387405381,0.013050681071470394,0.0064308791228187
2026-09-13,0.0010317488638933404,0.03247638629706949,0.0213535281051124,0.011004595850294674
2026-09-20,-0.02133929829004645,-0.008253234927176223,0.008350347258184135,0.007724762087051973
