k_or_h,event_week_k_mean_pct,event_week_k_t,overlap_h_mean_weekly_pct,overlap_h_t,cumulative_event_pct
1,-0.07288373108454262,-1.5091813159753837,-0.07288373108454262,-1.5091813159753837,-0.07288373108454262
2,-0.007919320540599966,-0.17207811846251828,-0.03964601824233772,-0.97061720331432,-0.08080305162514258
3,0.03974895157542358,0.8785802993158779,-0.012697749022059588,-0.3534609422946469,-0.041054100049718996
4,-0.006572519266230241,-0.15143369157510359,-0.011305402527313655,-0.34420373334132276,-0.047626619315949234
5,0.014951447542690642,0.31477124668679973,-0.0056628530849046135,-0.1838549806405712,-0.03267517177325859
6,-0.048753253455144856,-1.022818764917706,-0.010613647363563138,-0.3639908564305581,-0.08142842522840345
7,-0.02132510540095451,-0.4167631478479544,-0.012277616900819466,-0.44733718928312927,-0.10275353062935796
8,-0.06571832257833733,-1.3988775517960197,-0.017855169478139567,-0.7196797880536775,-0.1684718532076953
9,-0.06390305883522543,-1.3101448003994132,-0.024829213176575774,-1.0680795684040783,-0.23237491204292074
10,-0.034433051921250235,-0.7370620603495506,-0.025502642173837728,-1.1998288509605626,-0.26680796396417095
11,-0.0004388329561403647,-0.009540043228805261,-0.022615582402882875,-1.1587923673575606,-0.26724679692031134
12,0.031333846561038464,0.7545161805660536,-0.01866300340939835,-1.032299106447309,-0.23591295035927287
