test,weeks,mean_weekly_pct,nw_t,ann_mean_pct,sharpe_ann
without EWU,577,-0.09010348302627284,-1.8961406265989778,-4.6853811173661875,-0.5588568769286341
without MCHI,577,-0.08530474798769956,-1.7439453761566204,-4.435846895360377,-0.5264345737210818
without EWQ,577,-0.0807978162663072,-1.7194547205563915,-4.2014864458479755,-0.5095899540178812
without INDA,577,-0.08090327378853077,-1.7161015655337308,-4.2069702370036,-0.499709084813894
without EWI,577,-0.07550065301686781,-1.6044994509295263,-3.926033956877126,-0.4760207355808798
without EWP,577,-0.0736973288971959,-1.5604873201752831,-3.8322611026541864,-0.4590759481585703
without EWJ,577,-0.07418051625112665,-1.5365703196264664,-3.8573868450585858,-0.4532869109530154
without THD,577,-0.0723220004711598,-1.5336895281113025,-3.760744024500309,-0.4456470164887788
without EZA,577,-0.07167010736948178,-1.5268785407117378,-3.7268455832130525,-0.44955503819061565
without EWM,577,-0.07175228819966226,-1.4936243973399885,-3.7311189863824374,-0.44500744009640636
without EWC,577,-0.07301767410340251,-1.4834898290320315,-3.796919053376931,-0.4432973554151803
without EWT,577,-0.07175396021851271,-1.4734944115640065,-3.7312059313626613,-0.44111909312631736
without EWY,577,-0.06709390017184874,-1.467526929347252,-3.4888828089361343,-0.43574035989475096
without EWZ,577,-0.06898585357521758,-1.4498160173254775,-3.5872643859113142,-0.4354884164689556
without ECH,577,-0.06976055700173692,-1.4461363701481023,-3.627548964090319,-0.43674046090670915
without EIDO,577,-0.06631510973960332,-1.4260756895419786,-3.448385706459373,-0.42271066603086993
without EWA,577,-0.0675800072348431,-1.3946877750301527,-3.514160376211841,-0.41654094415987075
without EWS,577,-0.0662995705891394,-1.3834289171143832,-3.447577670635249,-0.40811058876155354
without EPHE,577,-0.06709255808582125,-1.369489710116375,-3.488813020462705,-0.40313639618984204
without EWD,577,-0.06379997887970718,-1.303291099306252,-3.3175989017447725,-0.39079359623486865
without EWL,577,-0.0640074689870811,-1.2757763788338783,-3.328388387328217,-0.38646020618188615
without EWW,577,-0.061494978289469496,-1.2726245222605348,-3.1977388710524144,-0.37730517557672827
without EWG,577,-0.060809839639422665,-1.260259059444286,-3.1621116612499787,-0.37576832854391207
without EWH,577,-0.0570133163209845,-1.1821425433044175,-2.964692448691194,-0.35125545312615863
without TUR,577,-0.05328586473368395,-1.1690017169878755,-2.7708649661515654,-0.3400406011736527
