week_end,High,Middle,Low,LS
2015-09-06,-0.0052002782237453304,0.0011803213744231804,0.0042320062961909155,-0.009432284519936246
2015-09-13,0.006994147764207911,0.0004958494312234077,0.015067338362801858,-0.008073190598593946
2015-09-20,-0.05449633527002566,-0.0567761492050676,-0.061333155732852904,0.006836820462827242
2015-09-27,0.08252297275413023,0.06955314073997096,0.07922484230046817,0.0032981304536620626
2015-10-04,0.028903345706850075,0.024205325906837414,0.05515063731889994,-0.02624729161204986
2015-10-11,0.009384970296713868,-0.006572426129123405,-0.01099419942431755,0.020379169721031418
2015-10-18,0.004610389738927634,0.007779997119137658,0.014624547163359036,-0.010014157424431402
2015-10-25,-0.017197021159419665,-0.013635573486895567,0.007895684238537953,-0.025092705397957618
2015-11-01,-0.02674575553108202,-0.029555864110424237,-0.037504641524588725,0.010758885993506703
2015-11-08,-0.00375221861500645,0.004751207294725705,-0.013489522160629694,0.009737303545623244
2015-11-15,0.006766699226249354,0.012990355274292178,0.011568035472509536,-0.004801336246260182
2015-11-22,-0.014948994547437658,8.72183859285484e-05,-0.022995893610443324,0.008046899063005666
2015-11-29,-0.0037948958426535784,-0.01184274616518297,-0.013784174683786121,0.009989278841132543
2015-12-06,-0.03599975174132086,-0.04530098921500398,-0.03962628499500688,0.003626533253686018
2015-12-13,0.0026729866945598285,0.02491160595233857,0.029751579374394432,-0.027078592679834604
2015-12-20,0.020347109285476117,0.014612250384850823,0.013799323547036557,0.00654778573843956
2015-12-27,-0.02939548824325712,-0.03018091126297868,-0.04292812071099292,0.013532632467735797
2016-01-03,-0.042811182165363296,-0.06023079075869954,-0.047268656567301864,0.004457474401938569
2016-01-10,-0.016720778385372753,-0.01589563659556818,-0.030222827792049448,0.013502049406676694
2016-01-17,0.006843794295150835,-0.002161277573901709,-0.003958930656537629,0.010802724951688464
2016-01-24,0.05137548125557717,0.05121700664365419,0.04189167766991611,0.00948380358566106
2016-01-31,-0.021068408000919595,-0.027440473267294225,-0.03165780088411674,0.010589392883197143
2016-02-07,0.012236037027703275,0.007211892847945335,0.014867111814646575,-0.0026310747869432993
2016-02-14,0.03593368157621607,0.03234113786919249,0.019525432814217855,0.016408248761998215
2016-02-21,-0.019889811062170165,-0.015131422048931623,-0.015871380608391328,-0.004018430453778837
2016-02-28,0.05872877536013901,0.08334885906565817,0.05822245615258137,0.0005063192075576428
2016-03-06,0.012959296227301464,0.012129361556403947,0.01896173263251069,-0.006002436405209227
2016-03-13,0.02661650862407025,0.013926858034047227,0.025370611459897663,0.001245897164172588
2016-03-20,-0.017273253064507832,-0.017415585452949633,-0.02143753736971707,0.004164284305209237
2016-03-27,0.010326785006500777,0.009380309768870856,0.0016218355234390996,0.008704949483061677
2016-04-03,0.004442264172283994,-0.0027030225060388708,-0.0025114320010947017,0.006953696173378696
2016-04-10,0.025639019332424753,0.03294108521912902,0.03715654315726441,-0.011517523824839657
2016-04-17,0.0014153906357600166,0.0014647825414938352,-0.012983268719845412,0.014398659355605428
2016-04-24,0.009240122165773135,0.004427730602673652,-0.009400257402129797,0.01864037956790293
2016-05-01,-0.043212268157305236,-0.04153402207449635,-0.054340368533859096,0.01112810037655386
2016-05-08,0.02275021045351111,0.000526496926074143,-6.617423211699447e-05,0.022816384685628105
2016-05-15,-0.02381623418663785,-0.01295578565671951,-0.00452694198713216,-0.01928929219950569
2016-05-22,0.017146136022372763,0.02749724909005861,0.019856537120222784,-0.002710401097850021
2016-05-29,0.020186123948640514,0.02342554114956292,0.04014583564852593,-0.01995971169988542
2016-06-05,-0.043072466377436794,-0.03633008457353485,-0.03667344259521933,-0.006399023782217461
2016-06-12,0.02999271508319082,0.024784054516855773,0.0216294136381166,0.008363301445074217
2016-06-19,-0.0761420140582891,-0.04966872034393774,-0.03888986960648087,-0.03725214445180823
2016-06-26,0.0432367704857472,0.04721178146357192,0.05191623050339422,-0.008679460017647023
2016-07-03,0.020556249453446584,0.022576284051751112,0.026731932213397175,-0.00617568275995059
2016-07-10,0.031025451597385928,0.028007255993006366,0.018221434895782346,0.012804016701603582
2016-07-17,-0.017897742639537806,-0.0032491477507712676,-0.006955450257751183,-0.010942292381786622
2016-07-24,0.020349136135910426,0.014978574875051867,0.0016283136066408688,0.018720822529269557
2016-07-31,0.013316073425037586,0.01626227555281745,0.004767973793086966,0.00854809963195062
2016-08-07,0.012594136971877473,0.021484093642141284,0.028208663413516244,-0.01561452644163877
2016-08-14,-0.020585849208902177,-0.007893014152905739,-0.015077015120978296,-0.005508834087923881
2016-08-21,-0.005756223339080643,-0.0028393720048608285,-0.004461688912252612,-0.0012945344268280312
2016-08-28,0.02020399039506396,0.02410274787463408,0.019143783372729664,0.0010602070223342946
2016-09-04,-0.0205548678827929,-0.031701140687130765,-0.02315244437119121,0.002597576488398312
2016-09-11,-0.015075772076741559,-0.012259676095930618,-0.006251039858998761,-0.008824732217742798
2016-09-18,0.006200464912092224,0.010376702374498812,0.008035927002394194,-0.0018354620903019703
2016-09-25,0.015239439368710639,0.007435378861785617,0.01771359330530188,-0.002474153936591242
2016-10-02,-0.00037442401421776406,-0.0038985150630058574,0.0007845298948608026,-0.0011589539090785667
2016-10-09,-0.026656449641216898,-0.014038146788205154,-0.02234679105431836,-0.004309658586898538
2016-10-16,0.019497869364705905,0.018527247699332734,0.02904181438582215,-0.009543945021116246
2016-10-23,-0.013485380690532317,-0.011945838033721685,-0.006661193742194718,-0.006824186948337599
2016-10-30,-0.007853182399585074,-0.0026054695863913574,-0.0004651607408592967,-0.007388021658725777
2016-11-06,-0.0500591073268665,-0.03746369691730497,-0.07436735066601015,0.02430824333914365
2016-11-13,0.0033032803888339846,0.00898547791372279,0.012026506639817372,-0.008723226250983387
2016-11-20,-0.003734222121968181,0.002819617378558169,0.0027447369788896614,-0.006478959100857842
2016-11-27,-0.0020927718633610565,0.017957132230552533,0.007528651645819701,-0.009621423509180757
2016-12-04,0.01804244299769242,0.025650768162457618,0.020140985700556335,-0.0020985427028639148
2016-12-11,-0.018936751716696995,-0.0195059507304617,-0.02630340668596441,0.007366654969267417
2016-12-18,0.003228850563605848,-0.003983553069013213,0.004707490534737638,-0.00147863997113179
2016-12-25,0.013194246312343436,0.016518755174304678,0.02297640773093107,-0.009782161418587634
2017-01-01,0.012614714097730073,0.018374201744788567,0.00817581695530413,0.004438897142425943
2017-01-08,0.019647933161399955,0.010888740401584163,0.015441529336607113,0.004206403824792843
2017-01-15,0.008964032094174845,0.0037572235750588222,0.010290083615917087,-0.0013260515217422414
2017-01-22,-0.001632814047882833,0.005408555357065821,0.008887751438242594,-0.010520565486125427
2017-01-29,0.006691083996982011,0.0035994768151626686,0.012880264167344516,-0.006189180170362504
2017-02-05,0.014450137677426464,0.013324904443283603,0.012025381697220214,0.00242475598020625
2017-02-12,0.006271780509833319,0.0070132218909214,0.0033920976052807528,0.0028796829045525663
2017-02-19,-0.010283484593907002,-0.004916500466340647,-0.007981664699306182,-0.0023018198946008206
2017-02-26,0.005577339245247975,0.010123188301436473,0.0017794371876606596,0.0037979020575873157
2017-03-05,0.012012407175867976,0.00048690963878547964,0.005133429383252064,0.006878977792615912
2017-03-12,0.0360406474179476,0.01746327054514834,0.02618983406637404,0.009850813351573562
2017-03-19,0.0031855405157417277,0.0012437239545461326,-0.0010601101181305639,0.004245650633872292
2017-03-26,0.002575727322066887,0.0035780786299671,-0.009142481343387562,0.01171820866545445
2017-04-02,-0.004364558627288892,-0.002607657195440415,-0.0009554675900172449,-0.003409091037271647
2017-04-09,0.002364380719270337,0.01230033301766631,0.0031578476878695028,-0.0007934669685991658
2017-04-16,0.03927102319459086,0.006392872929140493,0.007293474021407148,0.03197754917318371
2017-04-23,-0.0007282869417984533,0.007856922352763744,0.00802596469838586,-0.008754251640184313
2017-04-30,0.015462859790820127,0.001026406299710329,0.0013326585733345747,0.014130201217485552
2017-05-07,0.01375145037428148,0.013784316693221011,0.02752493933563166,-0.01377348896135018
2017-05-14,0.0059125188583488,-0.011077335735771743,-0.0037448112231083103,0.00965733008145711
2017-05-21,0.002481951159406942,0.004195553730071744,-0.0008787794286611861,0.003360730588068128
2017-05-28,0.011562836623779937,0.0035961974730399637,0.016075033604655342,-0.004512196980875405
2017-06-04,-0.009164635448706562,-0.00650420796268293,-0.006414981624624672,-0.0027496538240818907
2017-06-11,0.004344239500942315,0.009201426118517523,0.00570459448366864,-0.001360354982726325
2017-06-18,-0.00021042719305147672,-0.002133756594649489,0.006136078196048833,-0.00634650538910031
2017-06-25,-0.0066389020825352585,-0.0019520347757186166,-0.0008444459007524996,-0.005794456181782759
2017-07-02,0.003859554427746839,-0.002513429781275519,-0.002811257370630607,0.006670811798377446
2017-07-09,0.02563217863379058,0.025486683727823294,0.033795380881067566,-0.008163202247276985
2017-07-16,0.005887867136382757,0.0021347342777693467,0.008572150079596788,-0.002684282943214031
2017-07-23,0.005411931596587288,0.0016247145483017952,0.005434407839385091,-2.2476242797803136e-05
2017-07-30,0.005585117577517049,0.014882342782886951,0.005589630560349987,-4.512982832938217e-06
2017-08-06,-0.014059665001287316,-0.012097971355105621,-0.015116852505363612,0.0010571875040762957
2017-08-13,0.00233176865871694,-0.0019229101009763136,0.00542912201150518,-0.00309735335278824
2017-08-20,0.013269370372364392,0.015188504815013104,0.016957383653339042,-0.00368801328097465
2017-08-27,-0.005883493887049687,-0.0029372296562835748,-0.0011386566352516447,-0.0047448372517980425
2017-09-03,0.017527021014403524,0.02153877910823438,0.018091151649958226,-0.0005641306355547021
2017-09-10,-0.00665730963945374,0.0019910001716347825,0.004025732683445471,-0.010683042322899211
2017-09-17,-0.013323162375754247,-0.007444864926321422,-0.018517120964999786,0.00519395858924554
2017-09-24,0.0017494802420991024,0.0030978577124720877,0.002944806474228373,-0.0011953262321292707
2017-10-01,-0.014515156619786418,0.00979496451761915,0.01142621571463498,-0.025941372334421398
2017-10-08,0.01989498867949628,0.014228989221442383,0.02115241182166508,-0.0012574231421687981
2017-10-15,-0.012586224625444689,-0.013393303608921214,-0.008662847753815525,-0.003923376871629164
2017-10-22,0.0002128555140866184,-0.003356968510401595,0.0025444759494503005,-0.002331620435363682
2017-10-29,0.010336194986525216,0.010976653258746107,0.01949386127313278,-0.009157666286607566
2017-11-05,-0.01808336820302929,-0.008895691885275305,-0.023520256139599613,0.005436887936570323
2017-11-12,0.017891216960637293,0.00015786834958667986,-0.004456725988478946,0.02234794294911624
2017-11-19,0.00511077203816819,0.007335914098735265,0.006635446745254597,-0.001524674707086407
2017-11-26,-0.00538819382707105,-0.009405923773273983,-0.011746873069476277,0.006358679242405227
2017-12-03,-0.0029157750228528956,0.007111836501808886,0.011312331777497034,-0.01422810680034993
2017-12-10,0.010752928013980922,0.035067567126540404,0.006754254288650632,0.00399867372533029
2017-12-17,-5.431340173156496e-05,0.0017571746412974936,0.013864617421789627,-0.013918930823521192
2017-12-24,0.02838609915190643,0.01798566742660342,0.023737245202390428,0.004648853949516002
2017-12-31,0.017871925344106365,0.015393934412555777,0.023487513586173334,-0.005615588242066968
2018-01-07,0.008423939004514394,0.006746207344568951,0.011533021971695812,-0.0031090829671814174
2018-01-14,0.022822628470681658,0.015562396217143714,0.021075289550713416,0.0017473389199682415
2018-01-21,0.007942031418716647,0.00974111829208837,0.0005864795906341952,0.007355551828082452
2018-01-28,-0.06050203967101929,-0.06718675229674477,-0.0657237429858077,0.005221703314788412
2018-02-04,0.007321386517102041,0.002125973137577181,-0.006574439387593264,0.013895825904695305
2018-02-11,0.025594077958309702,0.02485102723195122,0.012156776063826619,0.013437301894483084
2018-02-18,0.020251919565637683,0.0235345410309489,0.010496498569864982,0.009755420995772701
2018-02-25,-0.03641497837014397,-0.027345807797663973,-0.027926148863219133,-0.008488829506924839
2018-03-04,0.0252710792902915,0.016483484074503223,0.016727476225477725,0.008543603064813776
2018-03-11,-0.02217162818785326,-0.026673545166722476,-0.01931765202085113,-0.0028539761670021285
2018-03-18,-0.012483680951678441,-0.007222418553832075,0.007924329851343101,-0.020408010803021542
2018-03-25,-0.010166977960339371,-0.013079187788952772,-0.013580540164452162,0.003413562204112791
2018-04-01,-0.0028217209973914192,0.015525829332040855,0.008807139866764208,-0.011628860864155627
2018-04-08,0.012127442120310888,0.014733487701731872,0.011539221114250986,0.0005882210060599025
2018-04-15,-0.008085449227512476,-0.006973689271729182,-0.004911943357090193,-0.003173505870422283
2018-04-22,-0.01487118043361152,0.004761862212596619,-0.0065519587324313205,-0.008319221701180199
2018-04-29,-0.009304471114804994,-0.018046870741436676,-0.014208588136893963,0.004904117022088969
2018-05-06,0.02293766495305577,0.007955894353255635,0.014613838387340428,0.008323826565715342
2018-05-13,-0.019742992480210192,-0.019059696779368154,-0.016636009372854296,-0.0031069831073558957
2018-05-20,-0.035239011453646205,-0.030066927993743244,-0.02467072388057702,-0.010568287573069185
2018-05-27,0.025234806321147496,0.015070304917218823,0.016235473753337545,0.00899933256780995
2018-06-03,-0.002976461141699638,0.006877279615078064,-0.006299236655293167,0.003322775513593529
2018-06-10,-0.026234053447734038,-0.02883356498299598,-0.03747755593571106,0.011243502487977022
2018-06-17,-0.009705740656850467,-0.024170299380437563,-0.01891451538343969,0.009208774726589222
2018-06-24,-0.0039327211869966405,-0.006046915872178587,-0.004137207058281883,0.00020448587128524265
2018-07-01,0.040491736115714785,0.01877779001062316,0.026986163880568376,0.01350557223514641
2018-07-08,-0.0018834901274602245,-0.0034518809120004626,-0.026103134518121546,0.02421964439066132
2018-07-15,0.015101937447690048,0.0066224091362598264,0.004739751784491764,0.010362185663198284
2018-07-22,0.02211847401860073,0.01760730935759742,0.020669298886959314,0.001449175131641417
2018-07-29,-0.02506664060632398,-0.005162434528177773,-0.012813346362335831,-0.012253294243988147
2018-08-05,-0.053279305830941176,-0.02466797524684731,-0.03846046474630983,-0.014818841084631343
2018-08-12,0.0207456950666971,0.002792053884876491,-0.0024305236834249733,0.023176218750122074
2018-08-19,0.022880551837876073,0.035862620900729746,0.022974373325530997,-9.382148765492426e-05
2018-08-26,-0.045418047844070816,-0.027449006293881376,-0.03175839994424404,-0.01365964789982678
2018-09-02,-0.017196357226067008,-0.01624359187361514,-0.006806454670130899,-0.010389902555936109
2018-09-09,0.009586386761920224,0.026163595420665424,0.012654616260502238,-0.0030682294985820147
2018-09-16,0.012566219511594034,0.023301183309805747,0.0290587317891947,-0.016492512277600666
2018-09-23,0.00549180422817741,-0.008945764867773258,5.986370377464301e-06,0.005485817857799946
2018-09-30,-0.03599625255016882,-0.039323923186054995,-0.021677161687412697,-0.014319090862756123
2018-10-07,-0.025672554043925128,-0.029247110507310253,-0.011165274647786758,-0.01450727939613837
2018-10-14,0.0032127887042495834,-0.013304113712313955,0.0037027879223573007,-0.0004899992181077173
2018-10-21,-0.03283756867568395,-0.040059336996551544,-0.03670619881503889,0.003868630139354942
2018-10-28,0.06428713106070463,0.05380491438593641,0.04673840467030699,0.017548726390397645
2018-11-04,-0.039567064088639636,-0.03413361396824666,-0.02432398360916367,-0.015243080479475965
2018-11-11,0.009870164576303478,0.02426367917616026,0.02145279530200518,-0.011582630725701704
2018-11-18,-0.006198176246966711,0.0068653500591188505,-0.0009932639525426917,-0.005204912294424019
2018-11-25,0.026043587984041244,0.02510597773020424,0.03092865734353334,-0.004885069359492095
2018-12-02,-0.04722433738502031,-0.05703198434862,-0.04654984190609876,-0.0006744954789215524
2018-12-09,-0.0049538913763065295,-0.004159602182500925,0.0051162329686190305,-0.01007012434492556
2018-12-16,-0.031929271522887034,-0.01436655035919908,-0.017325662592525826,-0.014603608930361209
2018-12-23,0.027824787784384616,0.023221385754010497,0.030364284524358104,-0.0025394967399734875
2018-12-30,0.014567249414703123,0.022810884589750422,0.039146127595438646,-0.024578878180735522
2019-01-06,0.022428819421954987,0.011185518814786737,0.013778704949123227,0.00865011447283176
2019-01-13,0.005102916296653756,0.0042825836305988695,0.01719458703617198,-0.012091670739518223
2019-01-20,0.017066353130777034,0.012349827902592017,0.01771640143957698,-0.0006500483087999442
2019-01-27,0.025008111787961695,0.010350702603209423,0.02006996327406485,0.004938148513896845
2019-02-03,-0.025311526500775255,-0.010713216171218565,-0.016626930644875,-0.008684595855900257
2019-02-10,0.022415654289038342,0.01813386470281406,0.012147024033343251,0.010268630255695091
2019-02-17,0.015887476536727424,0.017108103708915603,0.009179405395083343,0.006708071141644081
2019-02-24,-0.0123582799071211,-0.0189796523363005,-0.019798995509663492,0.0074407156025423915
2019-03-03,-0.00910760203872571,-0.005669773558102362,0.0016431740942317585,-0.010750776132957468
2019-03-10,0.029019657482335065,0.02290678417542079,0.016089008967214075,0.01293064851512099
2019-03-17,-0.02190112534013454,-0.022168696937521843,-0.02146648602798823,-0.00043463931214630935
2019-03-24,0.010794246450413256,0.026478727513796367,0.016778304065170613,-0.005984057614757357
2019-03-31,0.012285743004903898,0.018982302446548367,0.00871829728551228,0.003567445719391618
2019-04-07,-0.01648191472045235,0.005960148659453564,0.002882388360966534,-0.019364303081418885
2019-04-14,6.869093127052917e-05,0.0014118781725621767,0.006627282493170947,-0.006558591561900418
2019-04-21,-0.005237073687326163,-0.0049996937939121855,-0.00039470681742424796,-0.004842366869901915
2019-04-28,-0.014645222775518482,-0.015518079019183636,-0.007411941087561852,-0.00723328168795663
2019-05-05,-0.046526401453694965,-0.03827035959906063,-0.050273563844212873,0.003747162390517908
2019-05-12,-0.008125406982380207,0.008601237928134423,0.0043768956435752265,-0.012502302625955433
2019-05-19,-0.013454694754190422,-0.0013995830547409592,0.009294905069571882,-0.022749599823762304
2019-05-26,0.010459734432189713,0.01544707001201425,0.018304131253560188,-0.007844396821370475
2019-06-02,0.01862342516583565,0.023479379515274307,0.025565626713620643,-0.006942201547784993
2019-06-09,-0.008282634804622102,-0.006319099094898164,-0.013228729759432692,0.00494609495481059
2019-06-16,0.04778017088644279,0.028659420775353193,0.0357725985558367,0.012007572330606092
2019-06-23,0.017153047342032532,0.009928307470069342,0.006347293662143538,0.010805753679888994
2019-06-30,0.0002801183014007752,-0.008977415865593443,-0.012070920621754772,0.012351038923155547
2019-07-07,0.004128446148271875,0.009737081097620306,0.003340200918431749,0.000788245229840126
2019-07-14,-0.0019136132443080822,-0.01245034117342498,-0.0037486527266148983,0.0018350394823068161
2019-07-21,-0.010744809214910112,0.002536135579122455,-0.009661492528391241,-0.0010833166865188704
2019-07-28,-0.07183997061968958,-0.0616941938918368,-0.06007551654899938,-0.011764454070690197
2019-08-04,0.004890488803971332,0.0025651391681016994,0.002773546490873302,0.0021169423130980303
2019-08-11,0.013596668743505666,-0.003095198700190186,-0.01134253612734841,0.024939204870854076
2019-08-18,-0.011475066707160406,-0.0007211669893167657,-0.011498524478124356,2.3457770963949964e-05
2019-08-25,0.012652420770412204,0.009557876756206748,0.020836356286723895,-0.008183935516311691
2019-09-01,0.03667341476804831,0.02712115673667475,0.02970822194176931,0.006965192826278999
2019-09-08,0.018182666095342692,0.009449632258388895,0.003660584206806372,0.01452208188853632
2019-09-15,-0.009275409951737368,-0.005438073684630007,-0.002488850397906403,-0.006786559553830965
2019-09-22,-0.01302955913228436,0.00365839489019827,-0.011603099159531713,-0.0014264599727526472
2019-09-29,-0.012228541573742827,-0.02290893031703773,-0.008867702541151282,-0.003360839032591545
2019-10-06,0.009506911031815987,0.021961747090885594,0.021998012462033617,-0.01249110143021763
2019-10-13,0.01800181370292242,0.019686534929680904,0.02320727182866758,-0.00520545812574516
2019-10-20,0.010197826618663752,0.015085236488212583,0.008482130881812683,0.0017156957368510695
2019-10-27,0.007869875600328563,0.006621514666640627,0.016851925079158142,-0.008982049478829579
2019-11-03,-0.007649236380335281,-0.0038765508273801183,-0.0060620039705781,-0.0015872324097571805
2019-11-10,-0.0008509172565921569,-0.004103927212057805,-0.0005515145487017398,-0.0002994027078904171
2019-11-17,-0.002573699691644324,-0.0004275558515945472,-0.00340429088746301,0.0008305911958186862
2019-11-24,-0.013485713541642005,-0.014303766370964878,-0.01558273018574921,0.0020970166441072052
2019-12-01,0.0009311217629199009,0.0051156847116323,0.015156936987670691,-0.01422581522475079
2019-12-08,0.019901849863498716,0.03810077272369569,0.042572089735231494,-0.022670239871732778
2019-12-15,0.006970342881030878,0.008621716593240243,0.0025155878608589533,0.004454755020171924
2019-12-22,0.0014396798663017935,-0.0019601717983413914,0.0007542013672544173,0.0006854784990473761
2019-12-29,-0.003644020983313956,0.0018528557341427085,0.006978301095466516,-0.010622322078780472
2020-01-05,0.02362912250290089,0.02247930532884452,0.0024025057335891054,0.021226616769311785
2020-01-12,-0.008325368032837926,-0.013006078113435928,-0.012671856046767987,0.004346488013930061
2020-01-19,-0.026403415755343385,-0.03519734827948018,-0.03153194313927206,0.005128527383928674
2020-01-26,-0.013164976604907633,-0.012101942434204075,-0.012170653715602386,-0.0009943228893052464
2020-02-02,0.019354994131378395,0.016598553203955018,0.022429385975463068,-0.003074391844084673
2020-02-09,0.0049942834736624725,-0.0013435045171884047,0.003287077594779836,0.0017072058788826366
2020-02-16,-0.05066350033782832,-0.054368521168511735,-0.04588218437589342,-0.004781315961934901
2020-02-23,-0.022795927125957474,-0.03277888550380011,-0.03179011843728004,0.008994191311322564
2020-03-01,-0.10284518677746236,-0.11247758583842529,-0.10180999428344678,-0.0010351924940155827
2020-03-08,-0.1984902974705763,-0.17744408303047915,-0.1799753589428259,-0.018514938527750407
2020-03-15,-0.014190579880965698,-0.07262192250517097,-0.07601062030133295,0.06182004042036725
2020-03-22,0.13809679109771555,0.15149227887544367,0.12763079238111527,0.010465998716600283
2020-03-29,0.018576855527931688,0.009571162578760808,0.0390195724104237,-0.02044271688249201
2020-04-05,0.02260211377799637,0.030592299470559994,0.03743000073143818,-0.01482788695344181
2020-04-12,-0.00042998364270573075,-0.004344177973323513,-0.0023991687788970095,0.0019691851361912788
2020-04-19,0.012942204465089813,0.019983467757903606,0.0015578797687620938,0.011384324696327719
2020-04-26,0.010897331315313244,-0.00955043646375289,-0.0007083625233811064,0.01160569383869435
2020-05-03,0.011967603451829067,0.02271072716649278,0.014915227729736788,-0.0029476242779077205
2020-05-10,0.02498630515291507,0.000960743283261641,0.01764383456762636,0.00734247058528871
2020-05-17,0.02443913979220097,0.011760146200061087,0.01831079168916938,0.006128348103031589
2020-05-24,0.030863958679414577,0.043964438652325986,0.049882663773833574,-0.019018705094418997
2020-05-31,0.10769426832126672,0.0671774899272616,0.09301874334360052,0.014675524977666193
2020-06-07,-0.0552899782408057,-0.05937468643020985,-0.056846174393020255,0.0015561961522145562
2020-06-14,0.013374937359241737,0.016420083063643634,0.019750243529204292,-0.006375306169962555
2020-06-21,-0.005502695883277828,-0.016417619135711183,-0.0072228006708387055,0.0017201047875608777
2020-06-28,0.049068796221511196,0.04690869801674721,0.040274319785382096,0.0087944764361291
2020-07-05,-0.020260328588838847,-0.01619237632612991,-0.012251267572709085,-0.008009061016129762
2020-07-12,0.015243340188370313,0.02283320465446624,0.027177099834423443,-0.01193375964605313
2020-07-19,0.0033151684861532082,0.020942679979041052,0.0053299226138204675,-0.0020147541276672593
2020-07-26,-0.0329307910437452,-0.01494660711663017,-0.019110983463220377,-0.013819807580524826
2020-08-02,0.0027909033645475007,0.011394936858116482,0.017102812790763283,-0.014311909426215783
2020-08-09,0.01411485342850971,0.02144696655856642,0.014110000310494503,4.853118015207825e-06
2020-08-16,-0.002533209477365239,-0.007479073384477681,0.004973648051220775,-0.007506857528586014
2020-08-23,-0.008516600735942403,-0.007983450766601896,-0.0127027248827742,0.004186124146831796
2020-08-30,-0.012025005399780325,-0.0190291012584225,-0.013974358774403922,0.001949353374623597
2020-09-06,0.013968227967737737,0.028060697445724495,0.011832210482840957,0.0021360174848967795
2020-09-13,-0.03429915097615588,-0.024118045581039336,-0.02100929862607319,-0.01328985235008269
2020-09-20,0.0019630938914451113,-0.005927959195874213,-0.013817828009814265,0.015780921901259376
2020-09-27,0.01801983122979979,0.022083413785206715,0.025834901116934886,-0.007815069887135095
2020-10-04,0.01319380340503204,0.02784421934840083,0.015282625325018534,-0.0020888219199864944
2020-10-11,-0.0071484864793958935,-0.023236251110678792,-0.020899027679771448,0.013750541200375554
2020-10-18,0.014280090621418912,-0.0011852701561718322,-0.00676091852457128,0.02104100914599019
2020-10-25,-0.027418712982186816,-0.02406226903717877,-0.03702061806762426,0.009601905085437443
2020-11-01,0.1041584210378671,0.09031465946877429,0.10168275379760036,0.002475667240266738
2020-11-08,0.031303797399005906,0.034009150659771864,0.04360876093165897,-0.012304963532653063
2020-11-15,0.001436655741796758,0.014807596696535617,0.005379127942000267,-0.003942472200203509
2020-11-22,-0.005820502082207274,-0.0007943091228997452,-0.010219263646931931,0.004398761564724657
2020-11-29,0.04043320792299554,0.04109759365133941,0.04107161787883415,-0.0006384099558386092
2020-12-06,0.004018025422885194,0.0003560536842787861,0.001313987193814703,0.0027040382290704906
2020-12-13,0.005837310913454061,-0.0018107289214730358,0.006044921798125574,-0.00020761088467151356
2020-12-20,0.017369746463819835,0.013501765921792197,0.015524188911962056,0.0018455575518577794
2020-12-27,0.021247285627687823,0.009967286591902233,0.0077608121571107885,0.013486473470577034
2021-01-03,0.02983012319397564,0.023503223083682592,0.01432253302805557,0.015507590165920071
2021-01-10,0.00994761879114918,0.0020142522353914106,-0.00480587901568881,0.01475349780683799
2021-01-17,-0.00820357606357923,-0.005494725177059203,0.002728741551058206,-0.010932317614637435
2021-01-24,-0.016335962528457953,-0.02095435854092129,-0.02490820614220285,0.008572243613744895
2021-01-31,0.035845728669403776,0.027242753090715603,0.029025992523744992,0.0068197361456587835
2021-02-07,0.00925805906543653,0.017648818028006982,0.018984887782845683,-0.009726828717409153
2021-02-14,-0.012555351278774537,-0.025600281712909498,-0.013044393740845997,0.0004890424620714595
2021-02-21,0.0020978428448755054,-0.0012668030181813468,-0.0076401449391093335,0.009737987783984839
2021-02-28,-0.020425070050283295,-0.00451814075609067,-0.025118513251465552,0.004693443201182257
2021-03-07,0.039824599926822885,0.024123821536659387,0.024849437450543077,0.014975162476279807
2021-03-14,0.0005686237876254552,-0.025928986370826954,0.00032052332181228826,0.0002481004658131669
2021-03-21,-0.0068660505401407085,0.0038822182568845312,-0.010330710809620239,0.0034646602694795303
2021-03-28,0.03027199490622723,0.00905548254226766,0.015851489676746267,0.014420505229480962
2021-04-04,-0.01116369745605289,-0.007007174363487079,-0.009879419449956073,-0.0012842780060968173
2021-04-11,0.02591487175351509,0.0214057631651207,0.018863453404736136,0.007051418348778954
2021-04-18,0.0002659390696437003,-0.005982012525310264,0.007408194205269031,-0.0071422551356253305
2021-04-25,-0.00047023900455950285,-0.004531811356432349,-0.008904761661150923,0.00843452265659142
2021-05-02,0.006169315983271403,0.015446467962378288,0.02001665408271472,-0.013847338099443315
2021-05-09,9.675389209740093e-05,-0.017452762374390838,-0.024838985057646243,0.024935738949743644
2021-05-16,0.005936913542402625,0.007549419651465408,0.005789559037170072,0.00014735450523255256
2021-05-23,0.014006776567000764,0.041788294109056406,0.027667820563844828,-0.013661043996844063
2021-05-30,-0.003993839435928556,0.006982658305139506,0.0085630981963494,-0.012556937632277956
2021-06-06,2.3711081979807536e-05,0.00502193218324017,0.002406383783120261,-0.0023826727011404536
2021-06-13,-0.02551341484917216,-0.01973183680870748,-0.03370882889399715,0.008195414044824989
2021-06-20,-0.002471662333470112,-0.0026594594199132646,0.005157214283168857,-0.007628876616638969
2021-06-27,-0.0207326114793404,-0.007547936873665839,-0.009317103967526955,-0.011415507511813444
2021-07-04,0.0053434867976743655,0.005545711991355278,-0.002218317900988462,0.007561804698662827
2021-07-11,-0.042083993827241414,-0.026244400699566437,-0.02582132250879854,-0.016262671318442876
2021-07-18,0.02867630167948755,0.003504117198278355,0.019891732934630396,0.008784568744857155
2021-07-25,0.0032981114713491744,0.0021386692663245676,0.009779125264526317,-0.006481013793177143
2021-08-01,0.005397928085650608,0.0011828073333169436,-0.0003859397260615044,0.005783867811712112
2021-08-08,0.003730602994247531,-0.0007811274940649297,0.01277071820282244,-0.009040115208574909
2021-08-15,-0.007036659037494383,-0.004877084673746491,-0.012494080181984848,0.005457421144490465
2021-08-22,0.027716578118097537,0.012784723884664636,0.01758242131545762,0.010134156802639918
2021-08-29,0.003986205454274125,0.011203735055106682,0.013281561456538457,-0.009295356002264332
2021-09-05,-0.005578436234705164,-0.011963498510703515,-0.009283683427460623,0.0037052471927554592
2021-09-12,-0.04095467089103973,-0.0418354974469109,-0.04430313833650154,0.003348467445461814
2021-09-19,0.019721380461833915,0.021884832895176273,0.012849484821267174,0.006871895640566741
2021-09-26,-0.02413685494661834,-0.024062554709840176,-0.012553603244736214,-0.011583251701882125
2021-10-03,0.006911938986085872,0.010244611111344226,0.01640150313444598,-0.009489564148360108
2021-10-10,0.017333465477224363,0.028027299672710646,0.020341889736952196,-0.003008424259727832
2021-10-17,0.011453973910128257,0.007913323088448979,0.002761770803698979,0.008692203106429278
2021-10-24,-0.007921345198122418,0.0007853424470487905,-0.005698840365499364,-0.002222504832623054
2021-10-31,0.017283398883599255,0.0007601517643160354,0.02244358785167097,-0.005160188968071716
2021-11-07,-0.0020209508165955348,-0.0002596457410577087,-0.0033163804955613635,0.0012954296789658287
2021-11-14,-0.028802513739140084,-0.01584776521378628,-0.020726817130847605,-0.00807569660829248
2021-11-21,-0.041318919037954385,-0.032392879109065555,-0.02788148056422851,-0.013437438473725874
2021-11-28,0.0027155535697006294,0.0021556573314832875,0.01357526258115406,-0.01085970901145343
2021-12-05,-0.0034382745324320063,0.013049134255852092,0.0016541050116456735,-0.00509237954407768
2021-12-12,-0.01711825228116584,-0.005305915543369443,-0.008761167303842951,-0.00835708497732289
2021-12-19,0.03311871533399681,0.03675858036581454,0.0376977751922388,-0.004579059858241988
2021-12-26,-0.005854756203064984,0.0036458314804383874,0.002897696201339936,-0.00875245240440492
2022-01-02,0.0009603031888019281,-0.012491298572408431,-0.008395488262280981,0.00935579145108291
2022-01-09,-0.0021161794786770938,0.012141195567829888,0.005437096026344235,-0.0075532755050213285
2022-01-16,-0.02655148865727533,-0.02276695966015664,-0.001275458888438455,-0.025276029768836875
2022-01-23,0.00661596577065883,0.02241652560905052,0.006478002086832385,0.00013796368382644475
2022-01-30,-0.004651806635034367,0.007265659314757866,-0.0018328590989515614,-0.0028189475360828053
2022-02-06,-0.006716855778262448,-0.010809372689835665,0.020709832186330657,-0.027426687964593105
2022-02-13,-0.015376406041635204,0.0020196929878530945,0.0010565118077903585,-0.016432917849425563
2022-02-20,-0.016851154991378278,-0.021532683971657172,0.005406027981181366,-0.022257182972559644
2022-02-27,-0.08896880932971192,-0.06821508373009974,-0.038879537848078696,-0.050089271481633224
2022-03-06,0.032934602697873766,0.011993717736904892,0.011553281891092324,0.021381320806781443
2022-03-13,0.07234558023491303,0.04401912232426343,0.05159430225397055,0.02075127798094248
2022-03-20,0.004841420434813268,0.011448245264413582,0.015741103438156018,-0.01089968300334275
2022-03-27,0.01746804889613013,0.02361285355341505,0.027726596747214685,-0.010258547851084557
2022-04-03,-0.030513907723296263,-0.03640139441232363,-0.028471865835069318,-0.0020420418882269448
2022-04-10,-0.006178990001314624,-0.003664754296053162,-0.0015615865288563652,-0.004617403472458259
2022-04-17,-0.03158753569518913,-0.028929215020805525,-0.0304877831462589,-0.0010997525489302301
2022-04-24,-0.021381331000471057,-0.033782853841489394,-0.004416088155075715,-0.016965242845395342
2022-05-01,-0.04604237952352287,-0.0468274676861937,-0.039205004785319755,-0.006837374738203117
2022-05-08,0.031034909052532686,0.020858321519249316,0.010308464487260652,0.020726444565272034
2022-05-15,0.027705865018245707,0.03363193380789747,0.03339728709504983,-0.00569142207680412
2022-05-22,0.02389819026270848,0.021668703187306602,0.021317536038186674,0.0025806542245218056
2022-05-29,-0.010289439312358983,-0.0022944102008176153,-0.0017526570410917458,-0.008536782271267238
2022-06-05,-0.09156425399755033,-0.07484939998527228,-0.07052992706049464,-0.02103432693705569
2022-06-12,-0.003894101911786796,0.0028606519356396934,0.0014465612647146936,-0.0053406631765014895
2022-06-19,0.004304525801148262,0.018933557391310037,-0.003359621487020306,0.0076641472881685685
2022-06-26,-0.026869291251148467,-0.04727512818923893,-0.03560591294801872,0.008736621696870256
2022-07-03,-0.008095351161834977,-0.0012961178824532934,-0.008785414324225735,0.0006900631623907583
2022-07-10,-0.004010903094994384,-0.0009136844863152854,0.0035914753288607826,-0.007602378423855166
2022-07-17,0.030780539353572306,0.027381539501353,0.030242217383357917,0.0005383219702143893
2022-07-24,0.019401818519113087,0.027274772830687577,0.02329210120334531,-0.0038902826842322213
2022-07-31,0.011030564498061099,0.004475573020184926,0.016142008985532724,-0.005111444487471625
2022-08-07,0.012779815985754617,0.028627630869652823,0.020732228825724605,-0.007952412839969988
2022-08-14,-0.027521459121396544,-0.04613203871893006,-0.03165130226330966,0.004129843141913114
2022-08-21,0.007070005264028831,-0.00799245900207441,0.0006740844401193213,0.0063959208239095094
2022-08-28,-0.015478959514047277,-0.04409779816319132,-0.010409532883315503,-0.005069426630731774
2022-09-04,0.03782826765849279,0.054108031495972146,0.04572613905982981,-0.00789787140133702
2022-09-11,-0.048616358181026983,-0.04866884665970347,-0.031280737776142126,-0.017335620404884858
2022-09-18,-0.08924207340310394,-0.06357828049457385,-0.0558956483278297,-0.033346425075274244
2022-09-25,0.0421670361693684,0.012929350007206642,-0.015070190181537588,0.05723722635090599
2022-10-02,-0.009585513566220616,-0.007547081085793124,-0.009112869762508927,-0.00047264380371168924
2022-10-09,0.004667613972418411,0.03482058382607215,-0.00859533965164122,0.013262953624059631
2022-10-16,8.906498243224648e-05,0.0030172044949763827,0.005149935470026068,-0.0050608704875938215
2022-10-23,0.020534851102494603,0.01371206982848652,0.031615488570724104,-0.011080637468229501
2022-10-30,0.05426091513272996,0.023309789235342535,0.03766536305247696,0.016595552080252998
2022-11-06,0.04855048043765653,0.03817610425281168,0.06196132741981686,-0.01341084698216033
2022-11-13,-0.011089981740334307,-0.013732622654601857,8.785735802099848e-05,-0.011177839098355305
2022-11-20,0.019125121368955916,0.008346239241135152,0.014231024247264759,0.004894097121691157
2022-11-27,0.008110898938347003,0.020877531759241525,0.02753293643384186,-0.019422037495494857
2022-12-04,-0.0019706933488984335,0.0020102150069393077,0.00807313222444793,-0.010043825573346363
2022-12-11,-0.018094509646864473,-0.020843490694712682,-0.009844976995065202,-0.008249532651799271
2022-12-18,0.018771398491430086,0.012800977973589232,0.01614784675589566,0.0026235517355344268
2022-12-25,0.004917692395707232,-0.0014199424966739008,-0.007573222196351967,0.012490914592059199
2023-01-01,0.013187362105120809,0.03931284748676145,0.061180535760443494,-0.047993173655322685
2023-01-08,0.020731670467630692,0.02962496201424141,0.028063676103295465,-0.007332005635664773
2023-01-15,0.017978487980741614,0.01759273305045698,0.008698568550338778,0.009279919430402836
2023-01-22,-0.021309412054252283,-0.003911809932959821,0.0032896331090815772,-0.02459904516333386
2023-01-29,-0.01598697003026406,-0.007284936094322643,-0.017177520126946677,0.0011905500966826188
2023-02-05,0.002069014831416374,-0.009606576295343117,0.011736217124404508,-0.009667202292988133
2023-02-12,-0.00599722491975159,-0.02707739995447738,-0.005214190366006816,-0.0007830345537447742
2023-02-19,-0.006346049526680886,-0.017534902542038773,-0.007996250478959938,0.0016502009522790517
2023-02-26,0.02584467135075713,0.01688288393981295,0.0072698304551334775,0.018574840895623654
2023-03-05,-0.03753989304021901,-0.0385423707038509,-0.0366551781638689,-0.0008847148763501123
2023-03-12,-0.009844410505185738,0.004555782389917915,-0.014108799155535534,0.004264388650349796
2023-03-19,0.013085211466316873,0.022670102489884176,0.021078303241700902,-0.007993091775384029
2023-03-26,0.03593760884947769,0.03392687561521947,0.017502631063864724,0.01843497778561297
2023-04-02,-0.007257028350051403,0.002207053942896183,0.0004337547112273493,-0.0076907830612787526
2023-04-09,0.01792986240306224,0.01785096378116571,0.012318819277893911,0.00561104312516833
2023-04-16,-0.015325203667440376,-0.003527634159836331,0.001630604570623459,-0.016955808238063835
2023-04-23,-0.0033375343472113878,0.00011152660713235434,-0.003787275443581664,0.00044974109637027637
2023-04-30,0.0017071235699136905,0.005671930945644554,0.016215355703500675,-0.014508232133586985
2023-05-07,-0.003964288159993473,-0.016811379506054505,0.0006115204081759834,-0.004575808568169457
2023-05-14,-0.011912431110574828,-0.011601945605633915,0.0027806425841433863,-0.014693073694718214
2023-05-21,-0.014653660677182337,-0.023874563169072636,-0.024423372824599276,0.00976971214741694
2023-05-28,0.018547208740813073,0.020639237529032,0.012678093162617088,0.005869115578195985
2023-06-04,0.005039954422740245,0.018017672475215525,0.015317328557661686,-0.010277374134921441
2023-06-11,0.008904578449303271,0.009090619918502622,-0.008107333892885468,0.01701191234218874
2023-06-18,-0.01854816797690599,-0.015357116865133684,-0.015000039002406249,-0.0035481289744997424
2023-06-25,0.012544526981376897,0.02181200420282366,0.02617295777592127,-0.013628430794544372
2023-07-02,-0.014727236717502479,-0.01908750499161982,-0.010974575079177776,-0.003752661638324703
2023-07-09,0.04095799223281149,0.0484521056183881,0.03706461715488085,0.0038933750779306386
2023-07-16,-0.004799503571064845,0.004480944411368124,0.003935276439888724,-0.008734780010953569
2023-07-23,0.024722890208921794,0.009481659274574264,0.01785972424238355,0.006863165966538243
2023-07-30,-0.03886984802358627,-0.02980285571945777,-0.020627913975988496,-0.018241934047597774
2023-08-06,-0.02356387105135188,-0.011766874364439461,-0.015022481659348483,-0.008541389392003398
2023-08-13,-0.023226138192769183,-0.019075576469803276,-0.022621656322832487,-0.0006044818699366961
2023-08-20,0.013744573222336715,0.016347070449733096,0.020554813023098722,-0.006810239800762008
2023-08-27,-0.010448652491867647,-0.00240572270961391,-0.003843692471237406,-0.006604960020630241
2023-09-03,-0.0014046144558863688,0.0008777062829071758,0.0011428854162858215,-0.0025474998721721903
2023-09-10,-0.006542021059719169,-0.004500708412004278,0.002285488148302567,-0.008827509208021736
2023-09-17,-0.011586770647851505,-0.01890849337518241,-0.016683520474072983,0.005096749826221478
2023-09-24,-0.016261095719606808,-0.02750957059041976,-0.01723561517826895,0.0009745194586621431
2023-10-01,-0.008248362866399794,0.0005199998299502252,0.0028617123444124454,-0.01111007521081224
2023-10-08,0.00482274228622373,0.019266050961149417,0.010066792047390444,-0.005244049761166714
2023-10-15,-0.036053468072581904,-0.03533832126417053,-0.03864727304815575,0.002593804975573849
2023-10-22,0.002171835736012831,6.288330520732977e-05,-0.0013734577128194508,0.003545293448832282
2023-10-29,0.04555752037998592,0.044033818874413995,0.05445905886589594,-0.008901538485910021
2023-11-05,-0.018810199547003262,-1.2307806384528578e-05,-0.014677026735873663,-0.0041331728111295984
2023-11-12,0.04806846072656615,0.04547585537368867,0.03907107523255182,0.008997385494014326
2023-11-19,-0.0028282007073314186,-0.002041784592163297,-0.007041340676833749,0.00421313996950233
2023-11-26,0.0052453317279169825,0.004941436098891182,0.0005552583116145288,0.004690073416302454
2023-12-03,0.0026511086887743424,0.004279275665531188,-0.006623418666721767,0.00927452735549611
2023-12-10,0.024765620536590052,0.021272814032785383,0.025629657775898707,-0.0008640372393086543
2023-12-17,0.020243691319423412,0.0158095462381854,0.011426445233742907,0.008817246085680505
2023-12-24,-0.004727266676871539,0.00019630233433093954,-0.005350904599222883,0.0006236379223513444
2023-12-31,-0.006527960558150053,0.005600391558213865,-0.0013576887153389505,-0.005170271842811103
2024-01-07,-0.03281070331897769,-0.024597653176455618,-0.020556903677371258,-0.01225379964160643
2024-01-14,-0.0030079103380370453,-0.007894491359304583,-0.006089790172247936,0.0030818798342108905
2024-01-21,0.021605262068720835,0.014478915248734854,0.022865821794498628,-0.0012605597257777934
2024-01-28,-0.01064734709152139,-0.006387583690610704,-0.004903107223456091,-0.005744239868065298
2024-02-04,0.008487993045772593,0.01559801750728207,0.024440740252292023,-0.01595274720651943
2024-02-11,0.011090249867342,0.014417788375515007,0.005027395855439376,0.006062854011902624
2024-02-18,-0.0012975004144946678,0.005837632416088355,0.00309167190574193,-0.004389172320236598
2024-02-25,0.0008216371763581226,-0.008171401130880836,0.0047802910979824476,-0.003958653921624325
2024-03-03,0.004294324332252061,0.02121014035271614,0.0208191117329892,-0.016524787400737137
2024-03-10,0.0015154046394863369,-0.007952157694960691,-0.005802342587928597,0.0073177472274149336
2024-03-17,0.012785524827408842,0.0015410311078729588,-0.0010369875862471234,0.013822512413655966
2024-03-24,-0.00016100900321994183,0.005989439010471775,0.0006496025484473145,-0.0008106115516672563
2024-03-31,0.006978679611677127,0.005447243760903812,0.010509191532797127,-0.00353051192112
2024-04-07,-0.030996082995600888,-0.03176090296752802,-0.03885749436820854,0.007861411372607652
2024-04-14,-0.0040543239917186225,0.004377462554153043,0.0012471519307940826,-0.005301475922512705
2024-04-21,0.031673835963755975,0.03358140547775526,0.01653628439930524,0.015137551564450735
2024-04-28,0.012845735064279926,0.021523195527069012,0.01312090262467655,-0.0002751675603966247
2024-05-05,0.002862509680637476,0.010898531243648257,0.008283401357532638,-0.005420891676895162
2024-05-12,0.013189119243056616,0.023981696565029367,0.023599549165678663,-0.010410429922622047
2024-05-19,-0.01900468833218001,-0.012900554476405209,-0.013364676875887743,-0.005640011456292268
2024-05-26,-0.006238890403326688,-0.018001739729327084,-0.008290053508904355,0.0020511631055776663
2024-06-02,-0.008979636257553783,-0.016730158303391147,-0.0051084961822387,-0.0038711400753150826
2024-06-09,-0.012240300704235041,-0.005389244829934131,-0.013584268777667524,0.0013439680734324833
2024-06-16,0.017190314176153826,0.011645210573606,0.00023286190766684534,0.01695745226848698
2024-06-23,-0.011299119066734642,-0.0039292624394447785,0.0007028073629821302,-0.012001926429716772
2024-06-30,0.024243974587996597,0.015078051929631076,0.019332400110835535,0.0049115744771610625
2024-07-07,0.014165219408403984,0.02629502340031737,0.00910103078935881,0.0050641886190451735
2024-07-14,-0.005795716668617876,-0.00285496309828934,-0.01401555724117251,0.008219840572554635
2024-07-21,-0.008149965615497079,-0.02578469396269962,-0.01690320501783267,0.008753239402335591
2024-07-28,-0.03962714980878593,-0.04573009851579105,-0.039053719826189284,-0.0005734299825966432
2024-08-04,0.035708980247812314,0.0339532426539776,0.03052086042763008,0.005188119820182233
2024-08-11,0.04851048097985969,0.04819412221655914,0.04639216122392803,0.002118319755931658
2024-08-18,0.008044509911003792,0.005685928371712075,0.0031390860111023683,0.004905423899901423
2024-08-25,-0.014208403655208812,-0.01575768942288684,-0.01368973059375514,-0.0005186730614536728
2024-09-01,0.011599035567696758,-0.008183017408747297,-0.00895643743041763,0.020555472998114388
2024-09-08,0.02575195505323477,0.017481408098804038,0.025680597303240155,7.135774999461608e-05
2024-09-15,0.013564697903507492,0.015477247108532044,0.02077762083753279,-0.007212922934025298
2024-09-22,0.022293600525794016,0.02373187943147253,0.004957055296350668,0.017336545229443348
2024-09-29,-0.02231573698945248,0.012858419024884937,-0.024856413755995732,0.002540676766543251
2024-10-06,-0.018648029914707515,0.000798992125336468,0.006679327919113839,-0.025327357833821354
2024-10-13,-0.009510926946524612,-0.011625030737088945,-0.008292566251516587,-0.001218360695008025
2024-10-20,-0.005159397189687387,-0.0016610589918073144,-0.00623292277020622,0.0010735255805188332
2024-10-27,-0.020487810127244002,-0.012570337553459413,-0.014122415136565925,-0.006365394990678078
2024-11-03,-0.011730482155133587,-0.015065977021068648,-9.44492351800108e-05,-0.011636032919953576
2024-11-10,-0.011069420393217358,-0.015398339383268043,-0.01075392151898806,-0.00031549887422929745
2024-11-17,-0.002243378026606832,-0.00232301053315546,0.01260105695261754,-0.014844434979224372
2024-11-24,0.0014628365348001854,-0.00016005783740799837,0.0012718702109963814,0.00019096632380380396
2024-12-01,0.03051288004596328,0.01433989685130066,0.01799685358670125,0.01251602645926203
2024-12-08,-0.011282026725515634,-0.012242168325041535,-0.03740125001991723,0.026119223294401597
2024-12-15,-0.027334988992623613,-0.02296652303439796,-0.02855162392274689,0.0012166349301232782
2024-12-22,0.00474541112645227,-0.0022834301555730604,-0.009099842237839453,0.013845253364291724
2024-12-29,0.01412756744123174,-0.0005115386489979753,0.018867592367771496,-0.004740024926539757
2025-01-05,-0.028708320675512725,-0.02606576221889498,-0.016041535278127364,-0.01266678539738536
2025-01-12,0.04070506580675484,0.03450085261732802,0.04607207016400405,-0.005367004357249211
2025-01-19,0.00011910885221702583,0.0005419809551901405,0.010295365597604647,-0.010176256745387621
2025-01-26,0.006064987939000843,-0.011956672729426021,-0.013307684509849274,0.019372672448850117
2025-02-02,0.03015005699870478,0.026216347724175446,0.010013483193703002,0.02013657380500178
2025-02-09,0.025003182774071514,0.0308914872069723,0.019828382478224896,0.005174800295846618
2025-02-16,-0.013070433071404139,-0.018171341488530685,-0.007330941172440306,-0.005739491898963833
2025-02-23,-0.0053532112568299844,-0.0065861624875486685,-0.023067190769564247,0.017713979512734263
2025-03-02,0.018579249116536092,0.00613150179765149,0.006278607683421783,0.01230064143311431
2025-03-09,0.03020804959658044,0.03585512255218358,0.03212419579880543,-0.0019161462022249942
2025-03-16,-0.025036648851229373,-0.005558048280958665,-0.026327242268542522,0.001290593417313149
2025-03-23,-0.000560800939502476,-0.020290911256231788,-0.02020923239083322,0.019648431451330745
2025-03-30,-0.06729449610588362,-0.11032798519955861,-0.09415872078066798,0.02686422467478436
2025-04-06,0.0738029702576497,0.07959944786204311,0.07964859594885587,-0.005845625691206169
2025-04-13,-0.0017218688759988304,0.01583490012425575,0.01804650649683369,-0.01976837537283252
2025-04-20,0.04624557756974615,0.03933878567373022,0.04326152348242973,0.002984054087316418
2025-04-27,0.023747977660064618,0.02691436221380948,0.020627207630827968,0.0031207700292366497
2025-05-04,0.013838505589860564,0.005522179232497155,0.007811893506160225,0.006026612083700339
2025-05-11,0.02009904757102618,0.02436317059889992,0.01467767479345565,0.0054213727775705295
2025-05-18,-0.005469162999957436,0.012503038771205448,0.0009199185153548478,-0.006389081515312284
2025-05-25,-0.002003134037100382,0.0017111548040848036,-0.0048698176362165085,0.0028666835991161266
2025-06-01,0.011821539440822551,0.016623664294005365,0.008221449548010226,0.003600089892812325
2025-06-08,0.0014547164449382477,0.006683238292797316,-0.004069937691031603,0.00552465413596985
2025-06-15,-0.025735583565202683,-0.01170387834112712,-0.021477207262352485,-0.0042583763028501975
2025-06-22,0.04218085726513335,0.030143701630212946,0.031067319994243114,0.011113537270890234
2025-06-29,-0.005576388210189118,-0.005658027330214316,-0.004554771334927862,-0.0010216168752612553
2025-07-06,0.005001780437798267,0.004410489859156177,0.0051377208883263414,-0.00013594045052807424
2025-07-13,0.004508820084800247,0.006891163085344493,0.014163446839916716,-0.009654626755116469
2025-07-20,0.000876306811542063,-0.004731917979807333,0.0006248764876612689,0.0002514303238807941
2025-07-27,-0.007082709402617612,-0.005421760332812855,0.005117460039478827,-0.01220016944209644
2025-08-03,0.01210063827597449,0.01813526410081255,0.020987595026021058,-0.008886956750046568
2025-08-10,0.01830868684975233,0.01794447562032607,0.011590241903596477,0.006718444946155852
2025-08-17,0.007279715684687285,0.016968825537210144,-0.004233965446545848,0.011513681131233133
2025-08-24,-0.020300196915964186,-0.0168509609411343,-0.004671246627912309,-0.015628950288051877
2025-08-31,0.012525365513523151,0.014246036889962363,0.02562305210741067,-0.01309768659388752
2025-09-07,0.02514855100488489,0.023386384344447383,0.013668295145471451,0.011480255859413438
2025-09-14,-0.005090155541582417,0.00330092209830499,0.007437929523284079,-0.012528085064866495
2025-09-21,-0.0026888372513039216,-0.00950898508201444,-0.009379735978320106,0.006690898727016184
2025-09-28,-0.008657958987098313,0.01822227452877672,0.022696310043964607,-0.03135426903106292
2025-10-05,-0.012693487568436967,-0.020824121930385384,-0.009410625229831465,-0.0032828623386055023
2025-10-12,0.022518498037781776,0.02176048714492049,0.014519602339556084,0.007998895698225691
2025-10-19,0.01023109029612819,0.013443091075534812,0.0015961930446746347,0.008634897251453555
2025-10-26,-0.0020510554077091264,0.004797558997315019,-0.008352613379899329,0.006301557972190203
2025-11-02,0.0015518086901509381,0.009913797009244761,0.010513100510032403,-0.008961291819881465
2025-11-09,-0.010508146039590008,-0.01644780493088342,-0.00968864233704994,-0.000819503702540067
2025-11-16,-0.006839505446731384,0.0026144016375076276,-0.014978298181289859,0.008138792734558475
2025-11-23,0.02007930613804909,0.022526726748607808,0.01168331007041723,0.008395996067631861
2025-11-30,-0.002531322567176933,0.005694061452421807,0.004785772589809431,-0.007317095156986364
2025-12-07,0.013425048098832992,0.01220244770272273,0.016698944936976698,-0.0032738968381437056
2025-12-14,0.009700383950690283,0.008708173204970724,0.007146889372543805,0.0025534945781464785
2025-12-21,0.005497601860701959,-0.00168868025079838,0.013309191344204677,-0.007811589483502718
2025-12-28,0.020186097840096368,0.027601815785638584,0.020536421991647458,-0.0003503241515510902
2026-01-04,0.019375758760261805,0.005364316040883425,0.01887021832129833,0.0005055404389634754
2026-01-11,-0.000972926615484232,-0.015939559535088188,0.00643022100137608,-0.007403147616860312
2026-01-18,0.02806790725088565,0.034757325074521575,0.03070416292253074,-0.0026362556716450908
2026-01-25,0.005109361026585907,0.003342601188510239,-0.010876128923475545,0.01598548995006145
2026-02-01,0.018312990099973475,0.018129261890410135,0.038343618502596516,-0.02003062840262304
2026-02-08,-0.004504822055964627,-0.004156571246105097,0.010465105850236772,-0.0149699279062014
2026-02-15,0.014603903917814742,0.009567784666416045,0.008908570250934209,0.005695333666880534
2026-02-22,-0.004234920400781564,-0.005028474837293307,-0.022686754331844416,0.018451833931062853
2026-03-01,-0.04308064076170662,-0.050896628390958445,-0.039608672333942135,-0.0034719684277644824
2026-03-08,-0.005252002445091303,-0.01601926245481094,-0.007997102232058614,0.0027450997869673116
2026-03-15,-0.010333567007998756,-0.024637739844940814,-0.01134550599021382,0.0010119389822150632
2026-03-22,-0.034427693868643625,-0.016807006758971066,-0.014796858461149268,-0.019630835407494357
2026-03-29,0.03835603054940073,0.043993265923803815,0.041035593644733664,-0.002679563095332932
2026-04-05,0.05626767760035392,0.04260617378826903,0.054707056659455494,0.0015606209408984273
2026-04-12,0.010458373985646488,0.01630162746571527,0.019675442637232213,-0.009217068651585725
2026-04-19,-0.02744769929012894,-0.02859772916076173,-0.006138108435141926,-0.021309590854987015
2026-04-26,-0.014361001847550542,-0.00875595614664341,-0.007709690651062237,-0.006651311196488305
2026-05-03,0.01968192441854251,0.02287794953135252,0.05903778129726886,-0.03935585687872635
2026-05-10,-0.03050268472835911,-0.014373900697463237,-0.03079479650254291,0.0002921117741837981
2026-05-17,0.02145667776184157,0.03032583319095614,-0.0028113188944757367,0.024267996656317306
2026-05-24,-0.0038592044213636295,0.003013638551978929,-0.0071948324405402,0.0033356280191765703
2026-05-31,-0.03082446600235328,-0.03979154066359311,-0.03374739988950162,0.0029229338871483435
2026-06-07,0.03589323418165072,0.06108538222738345,0.049409797861412835,-0.013516563679762117
2026-06-14,-0.02041602488688425,-1.2031704907513844e-05,-0.0015752555703888865,-0.018840769316495365
2026-06-21,-0.005541684109285461,-0.020861565598349913,-0.023217926475793876,0.017676242366508416
2026-06-28,0.01727941683097678,0.011547288003058216,0.014937550408310907,0.0023418664226658725
2026-07-05,-0.01356777577116075,-0.009514500200088063,-0.023533264460381856,0.009965488689221105
2026-07-12,0.0042824090800966386,-0.003052933967713667,0.004115814510135776,0.0001665945699608623
2026-07-19,0.012184137558336056,0.004463645350547021,0.008722512288291628,0.003461625270044427
2026-07-26,0.016960259787499016,0.018208387489998597,0.015080513891512992,0.0018797458959860236
2026-08-02,0.01666643542669713,0.021179505470045434,0.009419959751522475,0.0072464756751746545
2026-08-09,0.001156873498135605,0.010703927243612132,-0.011241607396507577,0.012398480894643182
2026-08-16,-0.007730926164389876,0.01128463170304339,0.014690864824932093,-0.02242179098932197
2026-08-23,0.0024946126092943305,-0.008205216783268417,-0.00668145500514819,0.00917606761444252
2026-08-30,0.013766933790962041,0.005730242555418184,0.006020045734149576,0.007746888056812465
2026-09-06,-0.015685831671534686,-0.02774132743113231,-0.022588366651839942,0.0069025349803052555
2026-09-13,-0.008352534062417483,0.00785633218315941,0.004301188087281929,-0.012653722149699412
2026-09-20,-0.015527141866413005,-0.021349614028001396,-0.02557703697722849,0.010049895110815485
